Datetime,Open,High,Low,Close,Volume,Dividends,Stock Splits
2021-01-12 13:42:00+05:30,286.75,286.8,286.7,286.7,52841,0,0
2021-01-12 13:43:00+05:30,286.75,286.75,286.55,286.55,17827,0,0
2021-01-12 13:44:00+05:30,286.55,286.65,286.5,286.65,40813,0,0
2021-01-12 13:45:00+05:30,286.65,286.75,286.5,286.65,58922,0,0
2021-01-12 13:46:00+05:30,286.65,286.65,286.35,286.35,28752,0,0
2021-01-12 13:47:00+05:30,286.4,286.4,286.05,286.05,113288,0,0
2021-01-12 13:48:00+05:30,286.15,286.15,285.35,285.35,230264,0,0
2021-01-12 13:49:00+05:30,285.4,285.45,285.3,285.45,73115,0,0
2021-01-12 13:50:00+05:30,285.7,285.7,285.5,285.6,138000,0,0
2021-01-12 13:51:00+05:30,285.6,285.6,285.4,285.45,58543,0,0
2021-01-12 13:52:00+05:30,285.5,285.85,285.4,285.8,48808,0,0
2021-01-12 13:53:00+05:30,285.9,285.9,285.85,285.9,31972,0,0
2021-01-12 13:54:00+05:30,285.6,285.6,285.55,285.6,52153,0,0
2021-01-12 13:55:00+05:30,285.65,285.65,285.6,285.6,55381,0,0
2021-01-12 13:56:00+05:30,285.6,285.9,285.6,285.8,43921,0,0
2021-01-12 13:57:00+05:30,285.75,285.95,285.75,285.95,31550,0,0
2021-01-12 13:58:00+05:30,286.0,286.1,285.8,286.05,56093,0,0
2021-01-12 13:59:00+05:30,286.05,286.15,286.0,286.0,37606,0,0
2021-01-12 14:00:00+05:30,286.05,286.25,286.0,286.25,47064,0,0
2021-01-12 14:01:00+05:30,286.2,286.2,286.0,286.1,35726,0,0
2021-01-12 14:02:00+05:30,286.05,286.85,286.05,286.85,142655,0,0
2021-01-12 14:03:00+05:30,286.9,286.9,286.5,286.6,52126,0,0
2021-01-12 14:04:00+05:30,286.6,286.6,286.45,286.5,39437,0,0
2021-01-12 14:05:00+05:30,286.55,286.75,286.55,286.7,33693,0,0
2021-01-12 14:06:00+05:30,286.75,286.85,286.65,286.8,57817,0,0
2021-01-12 14:07:00+05:30,286.8,286.95,286.7,286.7,48520,0,0
2021-01-12 14:08:00+05:30,286.7,286.7,286.55,286.6,28493,0,0
2021-01-12 14:09:00+05:30,286.55,286.7,286.5,286.6,34353,0,0
2021-01-12 14:10:00+05:30,286.6,286.6,286.5,286.55,35567,0,0
2021-01-12 14:11:00+05:30,286.55,286.8,286.5,286.7,97625,0,0
2021-01-12 14:12:00+05:30,286.75,286.75,286.65,286.75,29381,0,0
2021-01-12 14:13:00+05:30,286.7,286.75,286.55,286.55,29597,0,0
2021-01-12 14:14:00+05:30,286.55,287.0,286.55,287.0,92273,0,0
2021-01-12 14:15:00+05:30,286.95,287.2,286.85,287.1,112763,0,0
2021-01-12 14:16:00+05:30,287.15,287.15,286.85,286.85,54106,0,0
2021-01-12 14:17:00+05:30,286.85,286.9,286.6,286.8,55924,0,0
2021-01-12 14:18:00+05:30,286.75,286.85,286.7,286.8,31198,0,0
2021-01-12 14:19:00+05:30,286.8,287.0,286.8,286.95,39360,0,0
2021-01-12 14:20:00+05:30,286.95,287.2,286.9,287.05,64219,0,0
2021-01-12 14:21:00+05:30,287.15,287.15,286.85,287.0,44098,0,0
2021-01-12 14:22:00+05:30,287.1,287.1,286.95,287.0,25668,0,0
2021-01-12 14:23:00+05:30,287.0,287.05,286.95,286.95,49421,0,0
2021-01-12 14:24:00+05:30,286.95,287.35,286.95,287.3,102327,0,0
2021-01-12 14:25:00+05:30,287.3,287.35,287.15,287.35,46742,0,0
2021-01-12 14:26:00+05:30,287.35,287.7,287.35,287.65,107922,0,0
2021-01-12 14:27:00+05:30,287.65,287.65,287.55,287.6,59335,0,0
2021-01-12 14:28:00+05:30,287.55,287.6,287.45,287.45,75489,0,0
2021-01-12 14:29:00+05:30,287.5,287.5,287.35,287.45,60967,0,0
2021-01-12 14:30:00+05:30,287.45,287.45,287.3,287.35,21055,0,0
2021-01-12 14:31:00+05:30,287.4,287.4,287.3,287.4,50851,0,0
2021-01-12 14:32:00+05:30,287.4,287.4,287.2,287.25,48987,0,0
2021-01-12 14:33:00+05:30,287.3,287.3,286.85,286.95,123790,0,0
2021-01-12 14:34:00+05:30,286.95,287.35,286.9,287.2,89963,0,0
2021-01-12 14:35:00+05:30,287.25,287.5,287.2,287.4,49478,0,0
2021-01-12 14:36:00+05:30,287.4,287.45,287.2,287.35,34635,0,0
2021-01-12 14:37:00+05:30,287.35,287.8,287.2,287.8,121968,0,0
2021-01-12 14:38:00+05:30,287.75,288.15,287.7,287.8,251508,0,0
2021-01-12 14:39:00+05:30,287.85,287.85,287.75,287.85,38266,0,0
2021-01-12 14:40:00+05:30,287.9,288.4,287.8,288.35,198818,0,0
2021-01-12 14:41:00+05:30,288.4,289.0,288.35,288.8,383933,0,0
2021-01-12 14:42:00+05:30,288.85,288.9,288.6,288.6,84599,0,0
2021-01-12 14:43:00+05:30,288.7,288.9,288.6,288.8,123470,0,0
2021-01-12 14:44:00+05:30,288.9,289.25,288.75,289.25,237181,0,0
2021-01-12 14:45:00+05:30,289.25,289.4,289.2,289.3,148872,0,0
2021-01-12 14:46:00+05:30,289.25,289.9,289.2,289.75,311046,0,0
2021-01-12 14:47:00+05:30,289.9,290.65,289.65,290.6,864544,0,0
2021-01-12 14:48:00+05:30,290.6,290.65,290.3,290.3,232617,0,0
2021-01-12 14:49:00+05:30,290.3,291.0,290.3,291.0,421071,0,0
2021-01-12 14:50:00+05:30,291.1,291.35,290.4,290.4,466768,0,0
2021-01-12 14:51:00+05:30,290.55,291.0,290.5,290.9,302949,0,0
2021-01-12 14:52:00+05:30,290.95,291.05,290.35,290.35,277633,0,0
2021-01-12 14:53:00+05:30,290.4,290.4,289.55,290.0,357499,0,0
2021-01-12 14:54:00+05:30,290.0,290.0,289.7,289.8,107357,0,0
2021-01-12 14:55:00+05:30,289.75,290.45,289.75,290.2,164212,0,0
2021-01-12 14:56:00+05:30,290.3,290.45,290.0,290.0,116942,0,0
2021-01-12 14:57:00+05:30,290.0,290.45,290.0,290.25,88417,0,0
2021-01-12 14:58:00+05:30,290.25,290.45,290.05,290.3,143855,0,0
2021-01-12 14:59:00+05:30,290.4,290.9,290.3,290.85,134200,0,0
2021-01-12 15:00:00+05:30,290.9,291.5,290.85,291.5,472443,0,0
2021-01-12 15:01:00+05:30,291.4,291.6,291.25,291.35,267676,0,0
2021-01-12 15:02:00+05:30,291.25,291.9,291.25,291.9,411514,0,0
2021-01-12 15:03:00+05:30,292.0,292.0,291.75,291.9,338618,0,0
2021-01-12 15:04:00+05:30,291.9,292.8,291.65,292.8,649243,0,0
2021-01-12 15:05:00+05:30,292.85,292.95,292.25,292.3,333582,0,0
2021-01-12 15:06:00+05:30,292.35,292.35,291.55,292.05,229202,0,0
2021-01-12 15:07:00+05:30,292.2,292.4,291.8,291.9,246767,0,0
2021-01-12 15:08:00+05:30,291.85,292.7,291.85,292.7,222236,0,0
2021-01-12 15:09:00+05:30,292.65,293.8,292.65,293.5,725514,0,0
2021-01-12 15:10:00+05:30,293.35,293.55,292.4,292.75,466047,0,0
2021-01-12 15:11:00+05:30,292.75,293.25,292.7,293.0,206311,0,0
2021-01-12 15:12:00+05:30,293.0,293.4,292.9,293.05,292965,0,0
2021-01-12 15:13:00+05:30,293.1,293.1,292.7,292.75,251316,0,0
2021-01-12 15:14:00+05:30,292.75,293.0,292.75,293.0,213681,0,0
2021-01-12 15:15:00+05:30,292.8,293.0,292.8,292.95,192567,0,0
2021-01-12 15:16:00+05:30,292.8,292.95,291.8,291.9,334555,0,0
2021-01-12 15:17:00+05:30,291.9,292.2,291.8,291.95,254589,0,0
2021-01-12 15:18:00+05:30,291.95,292.0,291.65,291.8,174203,0,0
2021-01-12 15:19:00+05:30,291.85,292.0,291.7,291.9,179043,0,0
2021-01-12 15:20:00+05:30,291.8,292.3,291.75,292.15,270710,0,0
2021-01-12 15:21:00+05:30,292.3,292.7,292.05,292.15,444171,0,0
2021-01-12 15:22:00+05:30,292.3,292.6,292.2,292.5,102460,0,0
2021-01-12 15:23:00+05:30,292.5,292.65,292.3,292.5,96625,0,0
2021-01-12 15:24:00+05:30,292.45,292.85,292.45,292.8,162641,0,0
2021-01-12 15:25:00+05:30,292.8,293.0,292.7,293.0,239911,0,0
2021-01-12 15:26:00+05:30,292.95,293.7,292.95,293.55,277804,0,0
2021-01-12 15:27:00+05:30,293.55,293.75,293.55,293.75,218692,0,0
2021-01-12 15:28:00+05:30,293.75,293.75,293.0,293.05,260562,0,0
2021-01-12 15:29:00+05:30,293.1,293.5,293.0,293.2,214152,0,0
2021-01-13 09:15:00+05:30,295.6,297.6,295.6,297.2,0,0,0
2021-01-13 09:16:00+05:30,297.1,297.2,296.3,296.4,654092,0,0
2021-01-13 09:17:00+05:30,296.5,296.55,295.7,296.45,591988,0,0
2021-01-13 09:18:00+05:30,296.45,296.5,296.15,296.3,256669,0,0
2021-01-13 09:19:00+05:30,296.3,296.95,296.2,296.95,262437,0,0
2021-01-13 09:20:00+05:30,296.8,297.55,296.75,297.45,377971,0,0
2021-01-13 09:21:00+05:30,297.5,298.5,297.45,298.5,482723,0,0
2021-01-13 09:22:00+05:30,298.45,298.7,297.7,298.0,555833,0,0
2021-01-13 09:23:00+05:30,297.95,298.8,297.8,298.8,389559,0,0
2021-01-13 09:24:00+05:30,298.8,299.1,298.7,299.0,563158,0,0
2021-01-13 09:25:00+05:30,299.05,299.05,298.3,298.6,385746,0,0
2021-01-13 09:26:00+05:30,298.65,298.65,297.9,297.9,341196,0,0
2021-01-13 09:27:00+05:30,298.1,298.75,297.9,298.6,414501,0,0
2021-01-13 09:28:00+05:30,298.6,298.8,298.1,298.6,276369,0,0
2021-01-13 09:29:00+05:30,298.65,298.8,298.45,298.6,149296,0,0
2021-01-13 09:30:00+05:30,298.6,299.5,298.6,299.4,706880,0,0
2021-01-13 09:31:00+05:30,299.5,300.5,299.45,300.4,901325,0,0
2021-01-13 09:32:00+05:30,300.4,300.85,300.1,300.85,621168,0,0
2021-01-13 09:33:00+05:30,300.8,301.0,299.45,299.45,802212,0,0
2021-01-13 09:34:00+05:30,299.4,300.1,299.4,300.0,336119,0,0
2021-01-13 09:35:00+05:30,300.0,301.2,300.0,301.1,666909,0,0
2021-01-13 09:36:00+05:30,301.0,301.65,301.0,301.6,494981,0,0
2021-01-13 09:37:00+05:30,301.45,302.0,301.05,301.85,735093,0,0
2021-01-13 09:38:00+05:30,301.8,301.9,301.25,301.4,433847,0,0
2021-01-13 09:39:00+05:30,301.4,301.4,300.45,300.55,452441,0,0
2021-01-13 09:40:00+05:30,300.7,300.7,300.3,300.55,220195,0,0
2021-01-13 09:41:00+05:30,300.5,300.65,299.75,300.25,436528,0,0
2021-01-13 09:42:00+05:30,300.25,300.35,299.95,300.2,204635,0,0
2021-01-13 09:43:00+05:30,300.25,300.65,299.95,300.0,298338,0,0
2021-01-13 09:44:00+05:30,300.1,300.2,299.85,299.95,173445,0,0
2021-01-13 09:45:00+05:30,299.85,300.0,299.5,299.5,273503,0,0
2021-01-13 09:46:00+05:30,299.6,299.95,299.5,299.9,184366,0,0
2021-01-13 09:47:00+05:30,299.85,300.15,299.8,299.8,215444,0,0
2021-01-13 09:48:00+05:30,299.8,299.9,299.65,299.7,92142,0,0
2021-01-13 09:49:00+05:30,299.65,299.8,299.6,299.7,96859,0,0
2021-01-13 09:50:00+05:30,299.7,299.7,299.55,299.6,81162,0,0
2021-01-13 09:51:00+05:30,299.5,299.8,299.4,299.7,191280,0,0
2021-01-13 09:52:00+05:30,299.65,299.75,299.5,299.7,77487,0,0
2021-01-13 09:53:00+05:30,299.55,299.65,299.45,299.5,99219,0,0
2021-01-13 09:54:00+05:30,299.4,300.2,299.4,300.1,202739,0,0
2021-01-13 09:55:00+05:30,300.2,300.5,300.15,300.4,185263,0,0
2021-01-13 09:56:00+05:30,300.5,300.5,300.2,300.35,107937,0,0
2021-01-13 09:57:00+05:30,300.4,300.4,300.0,300.0,87785,0,0
2021-01-13 09:58:00+05:30,300.0,300.1,299.8,299.9,128228,0,0
2021-01-13 09:59:00+05:30,299.85,300.15,299.75,300.15,123667,0,0
2021-01-13 10:00:00+05:30,300.15,300.8,300.05,300.8,202806,0,0
2021-01-13 10:01:00+05:30,300.8,301.35,300.65,301.05,389232,0,0
2021-01-13 10:02:00+05:30,301.25,301.4,301.0,301.2,247079,0,0
2021-01-13 10:03:00+05:30,301.2,301.4,301.0,301.3,210369,0,0
2021-01-13 10:04:00+05:30,301.55,301.65,301.3,301.45,279237,0,0
2021-01-13 10:05:00+05:30,301.35,301.75,301.2,301.55,247465,0,0
2021-01-13 10:06:00+05:30,301.55,301.9,301.5,301.85,268076,0,0
2021-01-13 10:07:00+05:30,301.85,301.9,301.5,301.5,164109,0,0
2021-01-13 10:08:00+05:30,301.5,301.95,301.45,301.85,249134,0,0
2021-01-13 10:09:00+05:30,301.85,301.9,301.4,301.4,178993,0,0
2021-01-13 10:10:00+05:30,301.4,301.45,301.0,301.0,242098,0,0
2021-01-13 10:11:00+05:30,301.0,301.2,300.75,300.8,165980,0,0
2021-01-13 10:12:00+05:30,300.8,300.8,300.5,300.75,144973,0,0
2021-01-13 10:13:00+05:30,300.8,300.8,300.55,300.7,95097,0,0
2021-01-13 10:14:00+05:30,300.7,300.7,300.35,300.5,142114,0,0
2021-01-13 10:15:00+05:30,300.45,300.75,300.45,300.6,87086,0,0
2021-01-13 10:16:00+05:30,300.6,300.7,300.45,300.55,72820,0,0
2021-01-13 10:17:00+05:30,300.45,300.55,300.2,300.35,108410,0,0
2021-01-13 10:18:00+05:30,300.45,300.45,299.25,299.6,573623,0,0
2021-01-13 10:19:00+05:30,299.45,299.6,299.25,299.55,248831,0,0
2021-01-13 10:20:00+05:30,299.45,299.5,299.3,299.4,136276,0,0
2021-01-13 10:21:00+05:30,299.5,299.65,299.4,299.65,128485,0,0
2021-01-13 10:22:00+05:30,299.55,299.85,299.45,299.85,147351,0,0
2021-01-13 10:23:00+05:30,299.8,300.25,299.7,300.25,202340,0,0
2021-01-13 10:24:00+05:30,300.15,300.25,299.95,300.05,119470,0,0
2021-01-13 10:25:00+05:30,300.1,300.1,299.8,299.85,53678,0,0
2021-01-13 10:26:00+05:30,299.8,300.2,299.8,300.0,79573,0,0
2021-01-13 10:27:00+05:30,300.05,300.15,299.95,300.0,43801,0,0
2021-01-13 10:28:00+05:30,300.0,300.1,299.85,300.0,91974,0,0
2021-01-13 10:29:00+05:30,299.95,300.0,299.85,300.0,30146,0,0
2021-01-13 10:30:00+05:30,299.9,300.0,299.9,300.0,33099,0,0
2021-01-13 10:31:00+05:30,299.95,300.0,299.75,299.85,70922,0,0
2021-01-13 10:32:00+05:30,299.8,300.05,299.75,299.95,122205,0,0
2021-01-13 10:33:00+05:30,300.0,300.0,299.3,299.3,150998,0,0
2021-01-13 10:34:00+05:30,299.3,299.5,299.2,299.25,120732,0,0
2021-01-13 10:35:00+05:30,299.35,299.35,298.0,298.25,529236,0,0
2021-01-13 10:36:00+05:30,298.1,298.85,298.05,298.5,291216,0,0
2021-01-13 10:37:00+05:30,298.5,298.7,298.4,298.65,119827,0,0
2021-01-13 10:38:00+05:30,298.55,298.65,298.5,298.55,94566,0,0
2021-01-13 10:39:00+05:30,298.65,298.8,298.4,298.4,155814,0,0
2021-01-13 10:40:00+05:30,298.4,298.45,298.15,298.4,113934,0,0
2021-01-13 10:41:00+05:30,298.35,298.75,298.2,298.75,154549,0,0
2021-01-13 10:42:00+05:30,298.8,299.5,298.8,299.45,159947,0,0
2021-01-13 10:43:00+05:30,299.45,299.5,299.25,299.3,80292,0,0
2021-01-13 10:44:00+05:30,299.35,299.45,299.15,299.25,75842,0,0
2021-01-13 10:45:00+05:30,299.25,299.85,299.1,299.85,136644,0,0
2021-01-13 10:46:00+05:30,299.85,300.1,299.75,299.9,264184,0,0
2021-01-13 10:47:00+05:30,299.9,299.95,299.6,299.7,84445,0,0
2021-01-13 10:48:00+05:30,299.7,299.8,299.5,299.5,40272,0,0
2021-01-13 10:49:00+05:30,299.5,299.75,299.25,299.55,91278,0,0
2021-01-13 10:50:00+05:30,299.65,299.65,299.3,299.4,44159,0,0
2021-01-13 10:51:00+05:30,299.3,299.8,299.3,299.8,138108,0,0
2021-01-13 10:52:00+05:30,299.8,300.0,299.7,299.8,110472,0,0
2021-01-13 10:53:00+05:30,299.9,300.5,299.8,300.1,262169,0,0
2021-01-13 10:54:00+05:30,300.15,300.75,300.05,300.35,200014,0,0
2021-01-13 10:55:00+05:30,300.35,300.55,300.0,300.0,95343,0,0
2021-01-13 10:56:00+05:30,300.0,300.05,299.8,299.85,62934,0,0
2021-01-13 10:57:00+05:30,299.95,299.95,299.5,299.7,91299,0,0
2021-01-13 10:58:00+05:30,299.8,299.8,299.6,299.75,35449,0,0
2021-01-13 10:59:00+05:30,299.75,299.85,299.55,299.85,43703,0,0
2021-01-13 11:00:00+05:30,299.95,300.4,299.85,300.25,138124,0,0
2021-01-13 11:01:00+05:30,300.25,301.0,300.25,300.9,186193,0,0
2021-01-13 11:02:00+05:30,300.9,301.0,300.5,301.0,142615,0,0
2021-01-13 11:03:00+05:30,300.95,301.75,300.9,301.55,731941,0,0
2021-01-13 11:04:00+05:30,301.55,301.6,301.4,301.45,214409,0,0
2021-01-13 11:05:00+05:30,301.5,301.5,301.1,301.2,160404,0,0
2021-01-13 11:06:00+05:30,301.25,301.4,301.2,301.25,110457,0,0
2021-01-13 11:07:00+05:30,301.3,301.3,300.85,300.85,198728,0,0
2021-01-13 11:08:00+05:30,300.85,300.85,300.75,300.75,80849,0,0
2021-01-13 11:09:00+05:30,300.8,300.9,300.75,300.8,71652,0,0
2021-01-13 11:10:00+05:30,300.85,300.9,300.55,300.55,118931,0,0
2021-01-13 11:11:00+05:30,300.55,300.65,300.5,300.6,93336,0,0
2021-01-13 11:12:00+05:30,300.6,300.75,300.5,300.55,54358,0,0
2021-01-13 11:13:00+05:30,300.55,300.9,300.5,300.9,49225,0,0
2021-01-13 11:14:00+05:30,300.8,301.0,300.65,300.7,71795,0,0
2021-01-13 11:15:00+05:30,300.65,300.75,300.3,300.4,85710,0,0
2021-01-13 11:16:00+05:30,300.35,300.6,300.3,300.6,49894,0,0
2021-01-13 11:17:00+05:30,300.6,300.8,300.5,300.8,29914,0,0
2021-01-13 11:18:00+05:30,300.65,300.8,300.5,300.65,40319,0,0
2021-01-13 11:19:00+05:30,300.65,300.7,300.4,300.4,43927,0,0
2021-01-13 11:20:00+05:30,300.5,300.6,300.4,300.6,28819,0,0
2021-01-13 11:21:00+05:30,300.45,300.6,300.45,300.5,34329,0,0
2021-01-13 11:22:00+05:30,300.4,300.45,300.0,300.25,99543,0,0
2021-01-13 11:23:00+05:30,300.3,300.3,299.75,299.95,115326,0,0
2021-01-13 11:24:00+05:30,299.95,300.25,299.7,300.1,103916,0,0
2021-01-13 11:25:00+05:30,300.05,300.25,300.0,300.15,71443,0,0
2021-01-13 11:26:00+05:30,300.1,300.1,299.6,299.75,100103,0,0
2021-01-13 11:27:00+05:30,299.7,299.9,299.65,299.9,92000,0,0
2021-01-13 11:28:00+05:30,299.9,300.15,299.9,300.0,82621,0,0
2021-01-13 11:29:00+05:30,300.0,300.2,299.8,300.2,68333,0,0
2021-01-13 11:30:00+05:30,300.05,300.45,299.95,300.4,99541,0,0
2021-01-13 11:31:00+05:30,300.35,300.5,300.3,300.5,59320,0,0
2021-01-13 11:32:00+05:30,300.5,300.65,300.1,300.2,95870,0,0
2021-01-13 11:33:00+05:30,300.25,300.25,299.75,299.9,102107,0,0
2021-01-13 11:34:00+05:30,299.9,299.9,299.4,299.55,251378,0,0
2021-01-13 11:35:00+05:30,299.55,300.0,299.4,299.75,73164,0,0
2021-01-13 11:36:00+05:30,299.7,299.9,299.45,299.75,65229,0,0
2021-01-13 11:37:00+05:30,299.75,299.9,299.7,299.8,40516,0,0
2021-01-13 11:38:00+05:30,299.85,299.95,299.75,299.9,45002,0,0
2021-01-13 11:39:00+05:30,299.85,299.9,299.6,299.65,61535,0,0
2021-01-13 11:40:00+05:30,299.55,299.6,298.55,299.2,315890,0,0
2021-01-13 11:41:00+05:30,299.1,299.2,298.05,298.05,277584,0,0
2021-01-13 11:42:00+05:30,298.15,299.0,298.0,298.85,240795,0,0
2021-01-13 11:43:00+05:30,299.0,299.0,298.2,298.35,163124,0,0
2021-01-13 11:44:00+05:30,298.35,298.55,298.3,298.45,78555,0,0
2021-01-13 11:45:00+05:30,298.45,298.55,298.1,298.25,140917,0,0
2021-01-13 11:46:00+05:30,298.25,298.65,298.2,298.45,84266,0,0
2021-01-13 11:47:00+05:30,298.5,298.8,298.2,298.8,79877,0,0
2021-01-13 11:48:00+05:30,298.8,299.35,298.75,299.35,113416,0,0
2021-01-13 11:49:00+05:30,299.3,299.4,299.2,299.4,89524,0,0
2021-01-13 11:50:00+05:30,299.4,299.7,299.3,299.5,91991,0,0
2021-01-13 11:51:00+05:30,299.5,299.65,299.1,299.1,89468,0,0
2021-01-13 11:52:00+05:30,299.1,299.2,299.0,299.0,32347,0,0
2021-01-13 11:53:00+05:30,299.0,299.25,299.0,299.1,85071,0,0
2021-01-13 11:54:00+05:30,299.1,299.15,298.9,298.9,60557,0,0
2021-01-13 11:55:00+05:30,298.95,298.95,298.5,298.5,81074,0,0
2021-01-13 11:56:00+05:30,298.55,298.85,298.5,298.8,75565,0,0
2021-01-13 11:57:00+05:30,298.8,298.8,298.25,298.35,140619,0,0
2021-01-13 11:58:00+05:30,298.4,298.55,298.3,298.4,51587,0,0
2021-01-13 11:59:00+05:30,298.4,298.4,298.0,298.05,183775,0,0
2021-01-13 12:00:00+05:30,298.05,298.1,296.85,297.15,683795,0,0
2021-01-13 12:01:00+05:30,297.35,297.5,297.15,297.4,147781,0,0
2021-01-13 12:02:00+05:30,297.4,297.7,297.3,297.45,91234,0,0
2021-01-13 12:03:00+05:30,297.3,297.7,297.25,297.65,60922,0,0
2021-01-13 12:04:00+05:30,297.65,297.9,297.65,297.8,105953,0,0
2021-01-13 12:05:00+05:30,297.75,298.25,297.7,298.0,180688,0,0
2021-01-13 12:06:00+05:30,298.1,298.75,298.1,298.5,132871,0,0
2021-01-13 12:07:00+05:30,298.5,298.6,298.3,298.35,63637,0,0
2021-01-13 12:08:00+05:30,298.3,298.5,298.15,298.3,43181,0,0
2021-01-13 12:09:00+05:30,298.35,298.4,298.2,298.3,33127,0,0
2021-01-13 12:10:00+05:30,298.2,298.45,298.15,298.45,93812,0,0
2021-01-13 12:11:00+05:30,298.5,298.7,298.3,298.4,83488,0,0
2021-01-13 12:12:00+05:30,298.5,298.75,298.4,298.7,70960,0,0
2021-01-13 12:13:00+05:30,298.7,298.95,298.6,298.7,45104,0,0
2021-01-13 12:14:00+05:30,298.65,299.25,298.55,299.25,229776,0,0
2021-01-13 12:15:00+05:30,299.25,299.45,299.2,299.3,70438,0,0
2021-01-13 12:16:00+05:30,299.3,299.3,298.85,299.1,79393,0,0
2021-01-13 12:17:00+05:30,299.0,299.25,299.0,299.05,48451,0,0
2021-01-13 12:18:00+05:30,299.05,299.4,299.0,299.3,65952,0,0
2021-01-13 12:19:00+05:30,299.2,299.3,299.1,299.25,61519,0,0
2021-01-13 12:20:00+05:30,299.2,299.6,299.1,299.55,168311,0,0
2021-01-13 12:21:00+05:30,299.4,299.8,299.4,299.65,102460,0,0
2021-01-13 12:22:00+05:30,299.65,299.8,299.35,299.5,83122,0,0
2021-01-13 12:23:00+05:30,299.55,299.55,299.3,299.5,29915,0,0
2021-01-13 12:24:00+05:30,299.5,299.5,299.15,299.15,53631,0,0
2021-01-13 12:25:00+05:30,299.25,299.4,299.15,299.2,41716,0,0
2021-01-13 12:26:00+05:30,299.25,299.25,299.0,299.05,56191,0,0
2021-01-13 12:27:00+05:30,299.05,299.25,299.05,299.15,38972,0,0
2021-01-13 12:28:00+05:30,299.2,299.25,298.75,298.8,118053,0,0
2021-01-13 12:29:00+05:30,298.65,299.1,298.65,298.85,70140,0,0
2021-01-13 12:30:00+05:30,298.9,299.0,298.8,298.85,37942,0,0
2021-01-13 12:31:00+05:30,298.9,299.25,298.8,299.1,47379,0,0
2021-01-13 12:32:00+05:30,299.1,299.2,298.85,299.05,31537,0,0
2021-01-13 12:33:00+05:30,299.1,299.25,299.05,299.15,39580,0,0
2021-01-13 12:34:00+05:30,299.05,299.15,298.9,299.0,31377,0,0
2021-01-13 12:35:00+05:30,298.9,299.0,298.8,298.85,25530,0,0
2021-01-13 12:36:00+05:30,298.95,299.0,298.8,298.85,64013,0,0
2021-01-13 12:37:00+05:30,298.8,299.1,298.8,298.9,58793,0,0
2021-01-13 12:38:00+05:30,298.85,298.9,298.25,298.4,374616,0,0
2021-01-13 12:39:00+05:30,298.4,298.55,297.95,298.1,220683,0,0
2021-01-13 12:40:00+05:30,298.1,298.65,297.95,297.95,385006,0,0
2021-01-13 12:41:00+05:30,298.0,298.0,297.7,297.85,86750,0,0
2021-01-13 12:42:00+05:30,297.75,298.15,297.75,298.1,73242,0,0
2021-01-13 12:43:00+05:30,298.15,298.4,298.15,298.35,41993,0,0
2021-01-13 12:44:00+05:30,298.35,298.5,298.2,298.45,29706,0,0
2021-01-13 12:45:00+05:30,298.5,298.75,298.5,298.55,44463,0,0
2021-01-13 12:46:00+05:30,298.6,298.9,298.55,298.75,41137,0,0
2021-01-13 12:47:00+05:30,298.75,298.85,298.65,298.7,33092,0,0
2021-01-13 12:48:00+05:30,298.75,298.75,298.55,298.65,38517,0,0
2021-01-13 12:49:00+05:30,298.65,298.7,298.6,298.7,34340,0,0
2021-01-13 12:50:00+05:30,298.7,299.2,298.65,299.15,97321,0,0
2021-01-13 12:51:00+05:30,299.1,299.2,298.85,299.0,68153,0,0
2021-01-13 12:52:00+05:30,299.0,299.05,298.9,299.05,45423,0,0
2021-01-13 12:53:00+05:30,299.0,299.1,299.0,299.0,47947,0,0
2021-01-13 12:54:00+05:30,299.05,299.05,298.75,298.8,37250,0,0
2021-01-13 12:55:00+05:30,298.75,299.2,298.75,299.15,53592,0,0
2021-01-13 12:56:00+05:30,299.2,299.3,299.15,299.25,41246,0,0
2021-01-13 12:57:00+05:30,299.3,299.3,298.85,298.95,73313,0,0
2021-01-13 12:58:00+05:30,299.0,299.1,298.9,299.0,27632,0,0
2021-01-13 12:59:00+05:30,298.95,299.0,298.85,298.95,25659,0,0
2021-01-13 13:00:00+05:30,298.9,299.0,298.8,299.0,75955,0,0
2021-01-13 13:01:00+05:30,299.0,299.3,299.0,299.25,53554,0,0
2021-01-13 13:02:00+05:30,299.3,299.3,299.1,299.2,24913,0,0
2021-01-13 13:03:00+05:30,299.25,299.3,299.15,299.25,27931,0,0
2021-01-13 13:04:00+05:30,299.25,299.4,299.25,299.35,58757,0,0
2021-01-13 13:05:00+05:30,299.4,299.4,299.2,299.2,33124,0,0
2021-01-13 13:06:00+05:30,299.2,299.35,299.2,299.2,22169,0,0
2021-01-13 13:07:00+05:30,299.25,299.3,298.9,299.2,72473,0,0
2021-01-13 13:08:00+05:30,299.2,299.2,299.0,299.0,15191,0,0
2021-01-13 13:09:00+05:30,299.0,299.05,298.85,298.9,25857,0,0
2021-01-13 13:10:00+05:30,298.95,299.15,298.95,299.1,38133,0,0
2021-01-13 13:11:00+05:30,299.05,299.05,298.9,298.9,35967,0,0
2021-01-13 13:12:00+05:30,299.0,299.1,298.9,299.05,30196,0,0
2021-01-13 13:13:00+05:30,299.1,299.1,298.8,299.05,57270,0,0
2021-01-13 13:14:00+05:30,299.0,299.0,298.8,298.9,33472,0,0
2021-01-13 13:15:00+05:30,298.9,298.95,298.65,298.7,62838,0,0
2021-01-13 13:16:00+05:30,298.8,299.1,298.7,299.05,72611,0,0
2021-01-13 13:17:00+05:30,299.05,299.3,299.05,299.3,98604,0,0
2021-01-13 13:18:00+05:30,299.3,299.3,299.05,299.05,43373,0,0
2021-01-13 13:19:00+05:30,299.1,299.1,298.85,299.05,35851,0,0
2021-01-13 13:20:00+05:30,299.0,299.1,298.9,298.9,37738,0,0
2021-01-13 13:21:00+05:30,298.9,299.05,298.9,299.05,20845,0,0
2021-01-13 13:22:00+05:30,298.95,299.0,298.9,299.0,13123,0,0
2021-01-13 13:23:00+05:30,298.95,299.1,298.9,299.0,40365,0,0
2021-01-13 13:24:00+05:30,299.0,299.1,298.95,298.95,14973,0,0
2021-01-13 13:25:00+05:30,298.95,299.05,298.95,299.0,26780,0,0
2021-01-13 13:26:00+05:30,298.95,299.0,298.6,298.8,51363,0,0
2021-01-13 13:27:00+05:30,298.85,298.95,298.75,298.8,25488,0,0
2021-01-13 13:28:00+05:30,298.85,299.25,298.85,299.2,79325,0,0
2021-01-13 13:29:00+05:30,299.25,299.3,299.2,299.2,31809,0,0
2021-01-13 13:30:00+05:30,299.3,300.0,299.2,299.6,408502,0,0
2021-01-13 13:31:00+05:30,299.65,300.0,299.65,299.9,92434,0,0
2021-01-13 13:32:00+05:30,299.9,299.9,299.5,299.55,71832,0,0
2021-01-13 13:33:00+05:30,299.5,299.5,299.1,299.15,42604,0,0
2021-01-13 13:34:00+05:30,299.05,299.1,298.3,298.3,186830,0,0
2021-01-13 13:35:00+05:30,298.2,298.3,297.85,297.95,279369,0,0
2021-01-13 13:36:00+05:30,297.95,298.2,297.5,298.1,215607,0,0
2021-01-13 13:37:00+05:30,298.2,298.2,297.8,297.95,108694,0,0
2021-01-13 13:38:00+05:30,297.9,298.35,297.65,298.25,163509,0,0
2021-01-13 13:39:00+05:30,298.2,298.3,298.0,298.2,66156,0,0
2021-01-13 13:40:00+05:30,298.1,298.7,298.1,298.6,99929,0,0
2021-01-13 13:41:00+05:30,298.6,298.8,298.55,298.6,58419,0,0
2021-01-13 13:42:00+05:30,298.65,298.75,298.5,298.75,60022,0,0
2021-01-13 13:43:00+05:30,298.6,298.8,298.45,298.45,154167,0,0
2021-01-13 13:44:00+05:30,298.45,298.8,298.35,298.65,87769,0,0
2021-01-13 13:45:00+05:30,298.5,298.55,297.65,298.2,292399,0,0
2021-01-13 13:46:00+05:30,298.2,298.7,298.0,298.6,111414,0,0
2021-01-13 13:47:00+05:30,298.5,298.5,297.7,298.3,175583,0,0
2021-01-13 13:48:00+05:30,298.3,298.3,297.7,297.9,66104,0,0
2021-01-13 13:49:00+05:30,297.95,298.35,297.75,298.35,209814,0,0
2021-01-13 13:50:00+05:30,298.2,298.4,297.5,297.9,220425,0,0
2021-01-13 13:51:00+05:30,297.8,298.35,297.75,298.25,138928,0,0
2021-01-13 13:52:00+05:30,298.3,298.65,298.0,298.0,271043,0,0
2021-01-13 13:53:00+05:30,298.0,298.25,297.8,298.2,192530,0,0
2021-01-13 13:54:00+05:30,298.25,298.25,297.7,298.05,444597,0,0
2021-01-13 13:55:00+05:30,298.1,298.45,298.0,298.25,213142,0,0
2021-01-13 13:56:00+05:30,298.25,298.95,298.1,298.6,192777,0,0
2021-01-13 13:57:00+05:30,298.6,298.7,298.45,298.5,149256,0,0
2021-01-13 13:58:00+05:30,298.5,298.6,298.3,298.3,189503,0,0
2021-01-13 13:59:00+05:30,298.3,298.35,297.45,297.5,273827,0,0
2021-01-13 14:00:00+05:30,297.35,297.35,296.15,296.7,968796,0,0
2021-01-13 14:01:00+05:30,296.75,296.75,296.25,296.5,300605,0,0
2021-01-13 14:02:00+05:30,296.65,296.8,296.55,296.7,101380,0,0
2021-01-13 14:03:00+05:30,296.7,296.75,295.3,295.3,327861,0,0
2021-01-13 14:04:00+05:30,295.2,295.8,294.65,295.6,675704,0,0
2021-01-13 14:05:00+05:30,295.65,296.45,295.6,296.2,213849,0,0
2021-01-13 14:06:00+05:30,296.15,296.4,295.9,296.4,146769,0,0
2021-01-13 14:07:00+05:30,296.45,296.7,296.35,296.65,118320,0,0
2021-01-13 14:08:00+05:30,296.7,296.7,296.05,296.4,107486,0,0
2021-01-13 14:09:00+05:30,296.25,296.45,296.15,296.25,117702,0,0
2021-01-13 14:10:00+05:30,296.25,296.9,296.25,296.8,119129,0,0
2021-01-13 14:11:00+05:30,296.9,297.7,296.85,297.7,313485,0,0
2021-01-13 14:12:00+05:30,297.7,299.25,297.4,298.7,462812,0,0
2021-01-13 14:13:00+05:30,299.1,299.1,298.5,299.0,255419,0,0
2021-01-13 14:14:00+05:30,299.05,299.4,298.8,298.85,198769,0,0
2021-01-13 14:15:00+05:30,298.8,299.15,298.5,298.65,138626,0,0
2021-01-13 14:16:00+05:30,298.7,300.1,298.6,299.85,882071,0,0
2021-01-13 14:17:00+05:30,299.8,300.6,299.8,300.6,339379,0,0
2021-01-13 14:18:00+05:30,300.5,301.0,300.35,300.5,397611,0,0
2021-01-13 14:19:00+05:30,300.55,300.6,299.7,299.9,177224,0,0
2021-01-13 14:20:00+05:30,299.9,300.0,299.4,299.95,234751,0,0
2021-01-13 14:21:00+05:30,299.95,300.0,299.6,299.85,104136,0,0
2021-01-13 14:22:00+05:30,299.8,300.5,299.8,300.1,186362,0,0
2021-01-13 14:23:00+05:30,300.1,300.2,299.9,300.05,134837,0,0
2021-01-13 14:24:00+05:30,300.0,300.8,300.0,300.8,239341,0,0
2021-01-13 14:25:00+05:30,300.9,301.5,300.7,301.1,651419,0,0
2021-01-13 14:26:00+05:30,301.2,302.5,301.1,302.35,1025965,0,0
2021-01-13 14:27:00+05:30,302.4,303.0,302.2,303.0,720163,0,0
2021-01-13 14:28:00+05:30,302.9,303.2,302.65,302.7,690687,0,0
2021-01-13 14:29:00+05:30,302.7,303.8,302.65,303.65,511350,0,0
2021-01-13 14:30:00+05:30,303.7,304.0,302.8,302.8,597825,0,0
2021-01-13 14:31:00+05:30,302.7,303.2,302.35,302.5,485626,0,0
2021-01-13 14:32:00+05:30,302.25,303.3,302.2,303.3,331285,0,0
2021-01-13 14:33:00+05:30,303.3,303.55,302.8,302.8,258237,0,0
2021-01-13 14:34:00+05:30,303.0,304.0,302.8,303.85,524038,0,0
2021-01-13 14:35:00+05:30,303.85,304.8,303.7,304.7,774791,0,0
2021-01-13 14:36:00+05:30,304.65,304.65,304.05,304.25,402870,0,0
2021-01-13 14:37:00+05:30,304.25,304.7,304.05,304.65,319026,0,0
2021-01-13 14:38:00+05:30,304.5,304.65,303.7,304.25,301449,0,0
2021-01-13 14:39:00+05:30,304.3,304.55,303.85,304.05,229906,0,0
2021-01-13 14:40:00+05:30,304.05,304.65,303.4,304.45,466134,0,0
2021-01-13 14:41:00+05:30,304.6,305.4,304.4,305.3,1226295,0,0
2021-01-13 14:42:00+05:30,305.25,305.45,304.75,304.75,592693,0,0
2021-01-13 14:43:00+05:30,304.6,305.05,304.15,304.95,274081,0,0
2021-01-13 14:44:00+05:30,305.0,305.0,304.5,304.65,212396,0,0
2021-01-13 14:45:00+05:30,304.7,304.9,304.65,304.8,143857,0,0
2021-01-13 14:46:00+05:30,304.9,304.9,303.95,303.95,323145,0,0
2021-01-13 14:47:00+05:30,304.1,304.65,304.0,304.35,190866,0,0
2021-01-13 14:48:00+05:30,304.35,305.5,304.3,305.4,609086,0,0
2021-01-13 14:49:00+05:30,305.5,306.0,305.4,305.95,529037,0,0
2021-01-13 14:50:00+05:30,306.0,306.35,305.8,306.2,494857,0,0
2021-01-13 14:51:00+05:30,306.3,306.8,306.0,306.05,515049,0,0
2021-01-13 14:52:00+05:30,306.15,306.55,306.05,306.45,255636,0,0
2021-01-13 14:53:00+05:30,306.4,306.45,305.8,306.25,384110,0,0
2021-01-13 14:54:00+05:30,306.15,306.9,306.1,306.8,410742,0,0
2021-01-13 14:55:00+05:30,306.85,307.3,306.8,307.0,681288,0,0
2021-01-13 14:56:00+05:30,307.05,307.2,306.9,307.05,311628,0,0
2021-01-13 14:57:00+05:30,307.0,307.1,305.5,305.6,782226,0,0
2021-01-13 14:58:00+05:30,305.5,306.35,305.5,306.35,254309,0,0
2021-01-13 14:59:00+05:30,306.35,306.95,306.3,306.95,500864,0,0
2021-01-13 15:00:00+05:30,306.85,307.7,306.8,307.5,601829,0,0
2021-01-13 15:01:00+05:30,307.5,307.55,307.05,307.05,330432,0,0
2021-01-13 15:02:00+05:30,307.05,307.5,307.0,307.0,400620,0,0
2021-01-13 15:03:00+05:30,307.0,307.4,307.0,307.2,226584,0,0
2021-01-13 15:04:00+05:30,307.1,307.35,307.05,307.35,215831,0,0
2021-01-13 15:05:00+05:30,307.4,308.0,307.35,307.8,507376,0,0
2021-01-13 15:06:00+05:30,307.8,308.0,307.5,307.5,352339,0,0
2021-01-13 15:07:00+05:30,307.4,307.95,307.3,307.95,397190,0,0
2021-01-13 15:08:00+05:30,307.9,308.0,307.4,307.4,274573,0,0
2021-01-13 15:09:00+05:30,307.55,307.55,307.0,307.1,367770,0,0
2021-01-13 15:10:00+05:30,307.05,307.35,307.0,307.05,389192,0,0
2021-01-13 15:11:00+05:30,307.0,307.25,306.75,306.9,361633,0,0
2021-01-13 15:12:00+05:30,306.75,306.9,306.25,306.25,296108,0,0
2021-01-13 15:13:00+05:30,306.3,306.9,306.25,306.75,483406,0,0
2021-01-13 15:14:00+05:30,306.75,307.2,306.75,306.95,294645,0,0
2021-01-13 15:15:00+05:30,306.95,307.0,306.5,306.5,234202,0,0
2021-01-13 15:16:00+05:30,306.5,306.7,306.2,306.3,287338,0,0
2021-01-13 15:17:00+05:30,306.2,306.55,306.2,306.5,359295,0,0
2021-01-13 15:18:00+05:30,306.35,306.45,305.85,305.85,315405,0,0
2021-01-13 15:19:00+05:30,305.95,306.3,305.75,306.3,376914,0,0
2021-01-13 15:20:00+05:30,306.3,306.35,305.8,306.0,338816,0,0
2021-01-13 15:21:00+05:30,305.9,306.8,305.65,305.85,588983,0,0
2021-01-13 15:22:00+05:30,305.7,306.0,305.55,305.6,189644,0,0
2021-01-13 15:23:00+05:30,305.5,305.5,305.25,305.4,168471,0,0
2021-01-13 15:24:00+05:30,305.3,305.5,305.25,305.35,138571,0,0
2021-01-13 15:25:00+05:30,305.35,306.0,305.35,305.7,198911,0,0
2021-01-13 15:26:00+05:30,305.7,306.0,305.6,305.85,74516,0,0
2021-01-13 15:27:00+05:30,305.95,306.15,305.85,306.1,68321,0,0
2021-01-13 15:28:00+05:30,306.05,306.2,305.85,305.85,146522,0,0
2021-01-13 15:29:00+05:30,306.05,306.05,305.75,306.0,85740,0,0
2021-01-14 09:15:00+05:30,306.55,308.55,306.0,308.55,0,0,0
2021-01-14 09:16:00+05:30,308.35,308.5,307.85,308.0,539913,0,0
2021-01-14 09:17:00+05:30,308.0,308.1,307.2,307.4,305724,0,0
2021-01-14 09:18:00+05:30,307.3,307.5,306.35,306.35,369644,0,0
2021-01-14 09:19:00+05:30,305.7,306.2,305.55,306.15,412050,0,0
2021-01-14 09:20:00+05:30,305.9,307.45,305.9,307.2,333526,0,0
2021-01-14 09:21:00+05:30,307.3,307.8,307.3,307.7,211738,0,0
2021-01-14 09:22:00+05:30,307.75,308.1,307.7,307.9,338873,0,0
2021-01-14 09:23:00+05:30,307.95,308.55,307.85,308.15,320241,0,0
2021-01-14 09:24:00+05:30,308.3,308.35,307.4,307.4,381615,0,0
2021-01-14 09:25:00+05:30,307.6,307.6,306.45,306.75,344910,0,0
2021-01-14 09:26:00+05:30,306.7,306.85,306.05,306.1,241328,0,0
2021-01-14 09:27:00+05:30,306.1,306.25,306.0,306.1,156705,0,0
2021-01-14 09:28:00+05:30,306.2,306.3,304.65,304.8,762483,0,0
2021-01-14 09:29:00+05:30,304.95,305.0,304.65,304.75,233032,0,0
2021-01-14 09:30:00+05:30,304.75,304.75,303.9,304.55,534158,0,0
2021-01-14 09:31:00+05:30,304.65,306.15,304.55,306.1,530504,0,0
2021-01-14 09:32:00+05:30,306.1,306.15,305.7,305.8,193650,0,0
2021-01-14 09:33:00+05:30,305.8,305.85,305.5,305.85,135880,0,0
2021-01-14 09:34:00+05:30,305.95,306.1,305.6,305.75,108021,0,0
2021-01-14 09:35:00+05:30,305.55,305.75,305.25,305.25,112732,0,0
2021-01-14 09:36:00+05:30,305.25,305.5,305.0,305.15,148041,0,0
2021-01-14 09:37:00+05:30,305.3,305.3,304.9,305.0,180607,0,0
2021-01-14 09:38:00+05:30,305.0,305.25,304.1,304.25,298951,0,0
2021-01-14 09:39:00+05:30,304.45,304.9,304.2,304.9,133581,0,0
2021-01-14 09:40:00+05:30,304.85,305.85,304.7,305.7,169436,0,0
2021-01-14 09:41:00+05:30,305.7,305.75,305.5,305.75,82127,0,0
2021-01-14 09:42:00+05:30,305.75,305.95,305.75,305.85,119871,0,0
2021-01-14 09:43:00+05:30,305.9,305.95,305.55,305.6,61894,0,0
2021-01-14 09:44:00+05:30,305.65,305.7,305.3,305.6,76099,0,0
2021-01-14 09:45:00+05:30,305.6,306.4,305.6,306.2,194896,0,0
2021-01-14 09:46:00+05:30,306.2,306.5,306.05,306.5,137752,0,0
2021-01-14 09:47:00+05:30,306.7,306.7,306.25,306.6,176933,0,0
2021-01-14 09:48:00+05:30,306.55,306.6,306.4,306.4,76225,0,0
2021-01-14 09:49:00+05:30,306.45,306.45,305.55,305.55,100628,0,0
2021-01-14 09:50:00+05:30,305.55,306.1,305.45,306.1,132602,0,0
2021-01-14 09:51:00+05:30,306.1,306.45,306.1,306.35,35968,0,0
2021-01-14 09:52:00+05:30,306.35,307.0,306.35,307.0,166657,0,0
2021-01-14 09:53:00+05:30,307.0,307.25,306.95,307.2,211599,0,0
2021-01-14 09:54:00+05:30,307.25,307.4,307.15,307.2,120628,0,0
2021-01-14 09:55:00+05:30,307.3,307.9,307.25,307.8,226092,0,0
2021-01-14 09:56:00+05:30,307.85,307.95,307.3,307.4,233757,0,0
2021-01-14 09:57:00+05:30,307.35,307.4,306.3,306.6,316570,0,0
2021-01-14 09:58:00+05:30,306.6,307.0,306.55,306.8,110961,0,0
2021-01-14 09:59:00+05:30,306.75,306.8,306.15,306.4,144973,0,0
2021-01-14 10:00:00+05:30,306.4,306.7,306.3,306.6,69750,0,0
2021-01-14 10:01:00+05:30,306.6,307.0,306.6,306.9,68037,0,0
2021-01-14 10:02:00+05:30,306.9,307.3,306.9,307.1,94164,0,0
2021-01-14 10:03:00+05:30,307.15,307.3,307.05,307.25,69403,0,0
2021-01-14 10:04:00+05:30,307.3,307.3,307.05,307.05,45345,0,0
2021-01-14 10:05:00+05:30,307.05,307.6,307.0,307.35,189733,0,0
2021-01-14 10:06:00+05:30,307.45,307.45,307.3,307.4,67551,0,0
2021-01-14 10:07:00+05:30,307.4,307.65,307.4,307.4,130150,0,0
2021-01-14 10:08:00+05:30,307.45,307.45,307.3,307.4,51578,0,0
2021-01-14 10:09:00+05:30,307.45,307.45,307.0,307.05,79655,0,0
2021-01-14 10:10:00+05:30,307.0,307.2,306.75,307.1,123099,0,0
2021-01-14 10:11:00+05:30,307.25,307.25,307.0,307.25,59648,0,0
2021-01-14 10:12:00+05:30,307.3,307.35,306.9,307.0,56565,0,0
2021-01-14 10:13:00+05:30,307.0,307.3,307.0,307.1,65851,0,0
2021-01-14 10:14:00+05:30,307.2,307.25,307.0,307.2,44820,0,0
2021-01-14 10:15:00+05:30,307.3,307.35,307.05,307.3,69364,0,0
2021-01-14 10:16:00+05:30,307.25,308.4,307.25,308.3,502171,0,0
2021-01-14 10:17:00+05:30,308.25,309.15,308.2,308.9,639350,0,0
2021-01-14 10:18:00+05:30,309.05,309.05,308.65,308.65,242497,0,0
2021-01-14 10:19:00+05:30,308.65,308.65,308.2,308.55,216149,0,0
2021-01-14 10:20:00+05:30,308.6,308.6,307.8,307.8,223611,0,0
2021-01-14 10:21:00+05:30,307.65,308.0,307.65,307.85,128206,0,0
2021-01-14 10:22:00+05:30,307.95,308.3,307.85,308.05,97333,0,0
2021-01-14 10:23:00+05:30,308.1,308.15,307.9,308.1,93586,0,0
2021-01-14 10:24:00+05:30,308.0,308.05,307.8,307.8,60971,0,0
2021-01-14 10:25:00+05:30,307.8,308.0,307.75,307.85,67560,0,0
2021-01-14 10:26:00+05:30,307.9,308.0,307.8,307.9,78036,0,0
2021-01-14 10:27:00+05:30,307.8,308.0,307.8,307.85,132789,0,0
2021-01-14 10:28:00+05:30,307.85,308.0,307.75,307.85,63718,0,0
2021-01-14 10:29:00+05:30,307.7,308.0,307.35,307.55,120515,0,0
2021-01-14 10:30:00+05:30,307.5,307.95,307.5,307.95,56179,0,0
2021-01-14 10:31:00+05:30,307.9,308.45,307.9,308.15,160851,0,0
2021-01-14 10:32:00+05:30,308.2,308.3,308.1,308.1,54080,0,0
2021-01-14 10:33:00+05:30,308.0,308.15,307.6,307.7,75793,0,0
2021-01-14 10:34:00+05:30,307.7,307.9,307.65,307.65,75978,0,0
2021-01-14 10:35:00+05:30,307.65,307.8,307.65,307.8,58588,0,0
2021-01-14 10:36:00+05:30,307.8,308.1,307.75,308.1,177176,0,0
2021-01-14 10:37:00+05:30,308.05,308.1,307.95,308.0,105769,0,0
2021-01-14 10:38:00+05:30,308.0,308.2,308.0,308.1,170505,0,0
2021-01-14 10:39:00+05:30,308.15,308.65,308.05,308.55,170966,0,0
2021-01-14 10:40:00+05:30,308.55,308.6,308.45,308.45,65767,0,0
2021-01-14 10:41:00+05:30,308.45,308.55,308.25,308.35,51564,0,0
2021-01-14 10:42:00+05:30,308.35,308.5,308.25,308.35,47516,0,0
2021-01-14 10:43:00+05:30,308.5,308.5,308.35,308.45,34832,0,0
2021-01-14 10:44:00+05:30,308.45,308.55,308.4,308.5,78478,0,0
2021-01-14 10:45:00+05:30,308.55,308.55,308.2,308.2,93203,0,0
2021-01-14 10:46:00+05:30,308.3,308.35,308.0,308.1,130781,0,0
2021-01-14 10:47:00+05:30,308.15,308.3,308.1,308.2,49416,0,0
2021-01-14 10:48:00+05:30,308.2,308.2,308.0,308.0,109588,0,0
2021-01-14 10:49:00+05:30,308.05,308.05,307.9,308.0,254366,0,0
2021-01-14 10:50:00+05:30,308.05,308.1,307.8,307.85,84325,0,0
2021-01-14 10:51:00+05:30,307.6,307.6,307.4,307.4,126405,0,0
2021-01-14 10:52:00+05:30,306.9,306.9,306.25,306.3,558961,0,0
2021-01-14 10:53:00+05:30,306.1,307.05,306.1,306.8,235149,0,0
2021-01-14 10:54:00+05:30,306.8,306.9,306.5,306.6,110506,0,0
2021-01-14 10:55:00+05:30,306.6,306.9,306.5,306.75,79111,0,0
2021-01-14 10:56:00+05:30,306.7,306.85,306.6,306.8,82199,0,0
2021-01-14 10:57:00+05:30,306.85,306.95,306.65,306.75,122596,0,0
2021-01-14 10:58:00+05:30,306.85,306.95,306.7,306.8,84395,0,0
2021-01-14 10:59:00+05:30,306.7,306.85,306.7,306.85,42982,0,0
2021-01-14 11:00:00+05:30,306.8,306.85,306.6,306.6,101534,0,0
2021-01-14 11:01:00+05:30,306.65,306.7,306.3,306.35,156448,0,0
2021-01-14 11:02:00+05:30,306.45,306.8,306.35,306.7,83089,0,0
2021-01-14 11:03:00+05:30,306.7,306.8,306.6,306.8,45019,0,0
2021-01-14 11:04:00+05:30,306.8,307.0,306.7,306.8,48630,0,0
2021-01-14 11:05:00+05:30,307.0,307.05,306.8,306.85,78697,0,0
2021-01-14 11:06:00+05:30,306.85,307.0,306.8,306.9,52170,0,0
2021-01-14 11:07:00+05:30,306.95,307.55,306.95,307.45,146213,0,0
2021-01-14 11:08:00+05:30,307.45,307.6,307.45,307.55,83280,0,0
2021-01-14 11:09:00+05:30,307.6,307.6,307.3,307.45,70914,0,0
2021-01-14 11:10:00+05:30,307.45,307.45,307.1,307.2,85618,0,0
2021-01-14 11:11:00+05:30,307.2,307.25,307.1,307.15,63881,0,0
2021-01-14 11:12:00+05:30,307.15,307.2,307.0,307.05,35790,0,0
2021-01-14 11:13:00+05:30,307.1,307.3,307.05,307.25,51512,0,0
2021-01-14 11:14:00+05:30,307.15,307.3,307.15,307.3,34764,0,0
2021-01-14 11:15:00+05:30,307.3,307.3,307.15,307.15,34262,0,0
2021-01-14 11:16:00+05:30,307.2,307.2,306.6,306.8,127863,0,0
2021-01-14 11:17:00+05:30,306.75,307.0,306.7,307.0,36422,0,0
2021-01-14 11:18:00+05:30,306.95,307.15,306.95,306.95,32547,0,0
2021-01-14 11:19:00+05:30,306.95,307.0,306.9,306.95,32960,0,0
2021-01-14 11:20:00+05:30,306.9,307.0,306.9,306.9,33168,0,0
2021-01-14 11:21:00+05:30,307.0,307.0,306.65,306.75,66948,0,0
2021-01-14 11:22:00+05:30,306.8,307.0,306.75,307.0,43402,0,0
2021-01-14 11:23:00+05:30,306.95,307.0,306.9,306.95,25803,0,0
2021-01-14 11:24:00+05:30,306.95,307.55,306.9,307.5,120919,0,0
2021-01-14 11:25:00+05:30,307.5,307.5,307.3,307.5,50977,0,0
2021-01-14 11:26:00+05:30,307.5,307.5,307.35,307.35,45589,0,0
2021-01-14 11:27:00+05:30,307.35,307.55,307.25,307.5,80946,0,0
2021-01-14 11:28:00+05:30,307.55,307.6,307.2,307.3,68076,0,0
2021-01-14 11:29:00+05:30,307.2,307.4,307.15,307.2,52479,0,0
2021-01-14 11:30:00+05:30,307.3,307.4,307.2,307.4,48462,0,0
2021-01-14 11:31:00+05:30,307.4,307.45,307.1,307.1,39994,0,0
2021-01-14 11:32:00+05:30,307.2,307.35,307.15,307.2,32493,0,0
2021-01-14 11:33:00+05:30,307.25,307.35,307.2,307.25,43204,0,0
2021-01-14 11:34:00+05:30,307.35,307.35,307.2,307.25,35658,0,0
2021-01-14 11:35:00+05:30,307.25,307.3,307.05,307.05,38883,0,0
2021-01-14 11:36:00+05:30,307.1,307.1,306.95,307.05,66155,0,0
2021-01-14 11:37:00+05:30,307.05,307.1,306.9,307.0,33072,0,0
2021-01-14 11:38:00+05:30,307.0,307.05,306.9,307.0,25207,0,0
2021-01-14 11:39:00+05:30,306.95,307.0,306.75,306.75,74133,0,0
2021-01-14 11:40:00+05:30,306.7,306.85,306.4,306.65,128179,0,0
2021-01-14 11:41:00+05:30,306.7,306.8,306.6,306.6,57779,0,0
2021-01-14 11:42:00+05:30,306.6,306.6,306.4,306.45,71200,0,0
2021-01-14 11:43:00+05:30,306.55,306.75,306.45,306.55,64754,0,0
2021-01-14 11:44:00+05:30,306.55,306.65,306.5,306.65,35164,0,0
2021-01-14 11:45:00+05:30,306.65,306.7,306.3,306.3,103987,0,0
2021-01-14 11:46:00+05:30,306.35,306.4,306.05,306.1,149305,0,0
2021-01-14 11:47:00+05:30,306.15,306.2,306.0,306.05,92611,0,0
2021-01-14 11:48:00+05:30,306.05,306.05,305.75,305.95,209620,0,0
2021-01-14 11:49:00+05:30,305.9,306.25,305.9,306.2,73065,0,0
2021-01-14 11:50:00+05:30,306.25,306.45,306.2,306.4,60041,0,0
2021-01-14 11:51:00+05:30,306.4,306.45,306.2,306.25,42391,0,0
2021-01-14 11:52:00+05:30,306.35,306.5,306.25,306.5,42662,0,0
2021-01-14 11:53:00+05:30,306.5,306.75,306.5,306.65,54765,0,0
2021-01-14 11:54:00+05:30,306.75,306.75,306.6,306.75,46154,0,0
2021-01-14 11:55:00+05:30,306.75,306.75,306.6,306.65,35064,0,0
2021-01-14 11:56:00+05:30,306.6,307.3,306.55,307.25,128020,0,0
2021-01-14 11:57:00+05:30,307.2,307.25,307.05,307.15,97052,0,0
2021-01-14 11:58:00+05:30,307.1,307.15,307.0,307.05,44865,0,0
2021-01-14 11:59:00+05:30,307.0,307.05,306.65,306.75,69290,0,0
2021-01-14 12:00:00+05:30,306.7,306.75,306.55,306.65,35878,0,0
2021-01-14 12:01:00+05:30,306.55,306.6,306.45,306.5,48896,0,0
2021-01-14 12:02:00+05:30,306.55,306.75,306.5,306.55,74930,0,0
2021-01-14 12:03:00+05:30,306.65,306.7,306.55,306.55,38566,0,0
2021-01-14 12:04:00+05:30,306.7,306.85,306.6,306.8,34343,0,0
2021-01-14 12:05:00+05:30,306.8,306.8,306.3,306.3,69961,0,0
2021-01-14 12:06:00+05:30,306.3,306.5,306.1,306.45,145509,0,0
2021-01-14 12:07:00+05:30,306.45,306.5,306.35,306.45,33814,0,0
2021-01-14 12:08:00+05:30,306.4,306.85,306.4,306.8,81564,0,0
2021-01-14 12:09:00+05:30,306.7,306.9,306.7,306.85,43420,0,0
2021-01-14 12:10:00+05:30,306.85,307.05,306.85,307.0,58897,0,0
2021-01-14 12:11:00+05:30,306.95,307.05,306.75,306.8,51860,0,0
2021-01-14 12:12:00+05:30,306.8,306.85,306.7,306.7,26804,0,0
2021-01-14 12:13:00+05:30,306.7,306.8,306.7,306.8,25123,0,0
2021-01-14 12:14:00+05:30,306.75,306.95,306.75,306.95,24720,0,0
2021-01-14 12:15:00+05:30,306.9,307.15,306.9,307.1,52817,0,0
2021-01-14 12:16:00+05:30,307.1,307.3,307.1,307.3,71378,0,0
2021-01-14 12:17:00+05:30,307.25,307.3,307.15,307.3,59969,0,0
2021-01-14 12:18:00+05:30,307.3,307.35,307.15,307.3,67471,0,0
2021-01-14 12:19:00+05:30,307.35,307.7,307.3,307.6,240909,0,0
2021-01-14 12:20:00+05:30,307.6,307.7,307.4,307.4,75451,0,0
2021-01-14 12:21:00+05:30,307.5,307.5,307.25,307.4,66822,0,0
2021-01-14 12:22:00+05:30,307.35,307.4,307.1,307.15,48385,0,0
2021-01-14 12:23:00+05:30,307.25,307.3,307.15,307.3,25847,0,0
2021-01-14 12:24:00+05:30,307.3,307.3,307.05,307.15,46857,0,0
2021-01-14 12:25:00+05:30,307.1,307.15,306.7,306.7,63461,0,0
2021-01-14 12:26:00+05:30,306.75,307.15,306.7,307.15,40625,0,0
2021-01-14 12:27:00+05:30,307.1,307.2,307.1,307.2,31097,0,0
2021-01-14 12:28:00+05:30,307.2,307.45,307.2,307.4,62667,0,0
2021-01-14 12:29:00+05:30,307.4,307.6,307.4,307.55,43541,0,0
2021-01-14 12:30:00+05:30,307.6,307.65,307.5,307.55,58821,0,0
2021-01-14 12:31:00+05:30,307.5,307.55,307.25,307.25,61664,0,0
2021-01-14 12:32:00+05:30,307.25,307.4,307.15,307.35,41392,0,0
2021-01-14 12:33:00+05:30,307.4,307.4,307.3,307.35,36915,0,0
2021-01-14 12:34:00+05:30,307.3,307.35,307.2,307.2,43067,0,0
2021-01-14 12:35:00+05:30,307.2,307.3,307.1,307.2,39438,0,0
2021-01-14 12:36:00+05:30,307.25,307.3,307.15,307.2,29502,0,0
2021-01-14 12:37:00+05:30,307.15,307.15,306.9,307.0,81799,0,0
2021-01-14 12:38:00+05:30,307.05,307.35,306.95,307.0,129112,0,0
2021-01-14 12:39:00+05:30,307.0,307.05,306.85,306.95,48567,0,0
2021-01-14 12:40:00+05:30,306.95,307.0,306.7,306.75,64988,0,0
2021-01-14 12:41:00+05:30,306.75,307.0,306.65,306.95,49443,0,0
2021-01-14 12:42:00+05:30,307.0,307.05,306.9,307.05,39530,0,0
2021-01-14 12:43:00+05:30,307.0,307.0,306.9,307.0,54763,0,0
2021-01-14 12:44:00+05:30,307.0,307.1,306.85,307.0,46905,0,0
2021-01-14 12:45:00+05:30,307.05,307.1,307.0,307.0,30518,0,0
2021-01-14 12:46:00+05:30,307.0,307.15,306.8,307.1,65523,0,0
2021-01-14 12:47:00+05:30,307.2,307.25,306.9,306.9,54299,0,0
2021-01-14 12:48:00+05:30,306.9,307.15,306.9,307.05,27131,0,0
2021-01-14 12:49:00+05:30,307.05,307.1,306.75,306.75,52679,0,0
2021-01-14 12:50:00+05:30,306.5,307.0,306.5,306.8,68362,0,0
2021-01-14 12:51:00+05:30,306.75,306.8,306.6,306.75,42177,0,0
2021-01-14 12:52:00+05:30,306.8,306.95,306.65,306.75,39661,0,0
2021-01-14 12:53:00+05:30,306.8,307.0,306.8,306.95,41116,0,0
2021-01-14 12:54:00+05:30,307.0,307.3,306.95,307.3,85849,0,0
2021-01-14 12:55:00+05:30,307.25,307.4,307.2,307.3,50652,0,0
2021-01-14 12:56:00+05:30,307.4,307.4,307.3,307.3,28383,0,0
2021-01-14 12:57:00+05:30,307.3,307.35,307.25,307.3,30346,0,0
2021-01-14 12:58:00+05:30,307.25,307.3,307.15,307.3,29089,0,0
2021-01-14 12:59:00+05:30,307.3,307.3,307.15,307.25,30589,0,0
2021-01-14 13:00:00+05:30,307.3,307.3,307.0,307.0,38576,0,0
2021-01-14 13:01:00+05:30,306.8,307.05,306.75,306.95,45462,0,0
2021-01-14 13:02:00+05:30,306.95,307.2,306.9,307.05,66506,0,0
2021-01-14 13:03:00+05:30,307.1,307.15,307.0,307.05,116028,0,0
2021-01-14 13:04:00+05:30,307.05,307.2,307.05,307.15,47061,0,0
2021-01-14 13:05:00+05:30,307.2,307.5,307.05,307.5,78519,0,0
2021-01-14 13:06:00+05:30,307.5,307.5,307.4,307.45,59097,0,0
2021-01-14 13:07:00+05:30,307.45,308.9,307.45,308.85,658861,0,0
2021-01-14 13:08:00+05:30,308.9,309.0,308.45,308.55,422217,0,0
2021-01-14 13:09:00+05:30,308.55,308.55,307.95,308.3,127223,0,0
2021-01-14 13:10:00+05:30,308.3,308.45,308.15,308.35,121052,0,0
2021-01-14 13:11:00+05:30,308.35,308.4,308.2,308.3,87970,0,0
2021-01-14 13:12:00+05:30,308.3,308.3,307.9,307.9,82404,0,0
2021-01-14 13:13:00+05:30,307.95,308.15,307.8,308.1,77654,0,0
2021-01-14 13:14:00+05:30,308.2,308.25,308.1,308.2,37958,0,0
2021-01-14 13:15:00+05:30,308.2,308.2,308.0,308.05,60188,0,0
2021-01-14 13:16:00+05:30,308.0,308.05,307.8,307.9,45786,0,0
2021-01-14 13:17:00+05:30,307.9,308.1,307.85,308.05,58672,0,0
2021-01-14 13:18:00+05:30,308.1,308.1,307.9,308.1,50459,0,0
2021-01-14 13:19:00+05:30,308.1,308.15,308.05,308.1,68161,0,0
2021-01-14 13:20:00+05:30,308.1,308.1,307.6,307.6,82131,0,0
2021-01-14 13:21:00+05:30,307.65,307.85,307.45,307.85,72967,0,0
2021-01-14 13:22:00+05:30,307.85,308.15,307.8,308.15,62993,0,0
2021-01-14 13:23:00+05:30,308.15,308.15,307.9,307.95,49761,0,0
2021-01-14 13:24:00+05:30,307.95,308.0,307.75,307.8,56568,0,0
2021-01-14 13:25:00+05:30,307.8,307.95,307.7,307.9,27864,0,0
2021-01-14 13:26:00+05:30,307.95,308.0,307.8,307.8,32082,0,0
2021-01-14 13:27:00+05:30,307.85,307.9,307.75,307.8,36221,0,0
2021-01-14 13:28:00+05:30,307.85,308.0,307.8,308.0,70984,0,0
2021-01-14 13:29:00+05:30,307.9,307.95,307.55,307.55,71132,0,0
2021-01-14 13:30:00+05:30,307.6,307.6,307.2,307.2,102077,0,0
2021-01-14 13:31:00+05:30,307.2,307.75,307.2,307.7,70170,0,0
2021-01-14 13:32:00+05:30,307.65,307.75,307.4,307.6,53969,0,0
2021-01-14 13:33:00+05:30,307.55,307.75,307.5,307.65,37898,0,0
2021-01-14 13:34:00+05:30,307.65,307.65,307.5,307.55,42680,0,0
2021-01-14 13:35:00+05:30,307.55,307.7,307.4,307.7,75467,0,0
2021-01-14 13:36:00+05:30,307.7,307.95,307.65,307.9,61522,0,0
2021-01-14 13:37:00+05:30,307.95,308.0,307.9,307.95,72208,0,0
2021-01-14 13:38:00+05:30,308.1,308.5,308.0,308.5,128557,0,0
2021-01-14 13:39:00+05:30,308.5,308.5,308.2,308.3,71011,0,0
2021-01-14 13:40:00+05:30,308.3,308.35,308.0,308.1,50033,0,0
2021-01-14 13:41:00+05:30,308.15,308.25,308.1,308.2,36977,0,0
2021-01-14 13:42:00+05:30,308.15,308.15,307.9,307.9,62335,0,0
2021-01-14 13:43:00+05:30,307.85,307.9,307.6,307.9,68976,0,0
2021-01-14 13:44:00+05:30,307.85,308.0,307.7,307.9,77542,0,0
2021-01-14 13:45:00+05:30,307.9,308.1,307.9,308.1,33912,0,0
2021-01-14 13:46:00+05:30,308.1,308.1,307.95,308.0,43182,0,0
2021-01-14 13:47:00+05:30,308.05,308.2,307.95,308.05,40598,0,0
2021-01-14 13:48:00+05:30,308.0,308.15,308.0,308.05,35574,0,0
2021-01-14 13:49:00+05:30,308.1,308.4,308.1,308.25,75716,0,0
2021-01-14 13:50:00+05:30,308.3,308.4,308.2,308.3,38131,0,0
2021-01-14 13:51:00+05:30,308.35,308.4,308.25,308.25,194212,0,0
2021-01-14 13:52:00+05:30,308.25,308.3,308.05,308.2,47170,0,0
2021-01-14 13:53:00+05:30,308.2,308.25,307.7,307.85,118955,0,0
2021-01-14 13:54:00+05:30,307.85,308.0,307.7,307.85,45616,0,0
2021-01-14 13:55:00+05:30,308.0,308.1,307.9,308.0,76863,0,0
2021-01-14 13:56:00+05:30,308.0,308.1,307.9,308.0,41256,0,0
2021-01-14 13:57:00+05:30,307.95,308.0,307.85,307.9,48808,0,0
2021-01-14 13:58:00+05:30,307.95,308.0,307.7,307.75,65669,0,0
2021-01-14 13:59:00+05:30,307.7,307.95,307.7,307.9,31859,0,0
2021-01-14 14:00:00+05:30,307.9,307.9,307.6,307.6,83479,0,0
2021-01-14 14:01:00+05:30,307.65,307.9,307.55,307.85,71206,0,0
2021-01-14 14:02:00+05:30,307.8,307.85,307.7,307.8,33721,0,0
2021-01-14 14:03:00+05:30,307.8,307.8,307.5,307.55,94553,0,0
2021-01-14 14:04:00+05:30,307.6,307.65,307.5,307.55,42621,0,0
2021-01-14 14:05:00+05:30,307.6,307.6,307.05,307.35,156776,0,0
2021-01-14 14:06:00+05:30,307.35,307.4,307.2,307.3,159044,0,0
2021-01-14 14:07:00+05:30,307.3,307.6,307.3,307.4,63672,0,0
2021-01-14 14:08:00+05:30,307.45,307.7,307.35,307.65,38184,0,0
2021-01-14 14:09:00+05:30,307.7,307.7,307.6,307.7,42943,0,0
2021-01-14 14:10:00+05:30,307.7,307.7,307.55,307.6,40762,0,0
2021-01-14 14:11:00+05:30,307.55,307.6,307.35,307.4,47393,0,0
2021-01-14 14:12:00+05:30,307.4,307.5,307.3,307.4,46533,0,0
2021-01-14 14:13:00+05:30,307.45,307.6,307.4,307.45,71266,0,0
2021-01-14 14:14:00+05:30,307.45,307.6,307.35,307.35,44521,0,0
2021-01-14 14:15:00+05:30,307.35,307.85,307.35,307.85,97072,0,0
2021-01-14 14:16:00+05:30,307.9,307.9,307.65,307.7,56073,0,0
2021-01-14 14:17:00+05:30,307.7,307.85,307.6,307.8,43719,0,0
2021-01-14 14:18:00+05:30,307.85,307.95,307.7,307.8,66844,0,0
2021-01-14 14:19:00+05:30,307.8,307.8,307.3,307.3,99235,0,0
2021-01-14 14:20:00+05:30,307.3,307.35,306.85,307.0,266026,0,0
2021-01-14 14:21:00+05:30,307.1,307.4,307.1,307.4,65939,0,0
2021-01-14 14:22:00+05:30,307.4,307.5,307.3,307.4,46023,0,0
2021-01-14 14:23:00+05:30,307.4,307.45,307.3,307.4,38158,0,0
2021-01-14 14:24:00+05:30,307.4,307.65,307.35,307.55,38563,0,0
2021-01-14 14:25:00+05:30,307.55,307.75,307.55,307.6,85394,0,0
2021-01-14 14:26:00+05:30,307.6,307.65,307.45,307.55,154477,0,0
2021-01-14 14:27:00+05:30,307.6,307.6,307.45,307.5,47212,0,0
2021-01-14 14:28:00+05:30,307.45,307.55,307.35,307.5,48188,0,0
2021-01-14 14:29:00+05:30,307.45,307.5,307.4,307.4,35706,0,0
2021-01-14 14:30:00+05:30,307.5,307.75,307.45,307.7,121869,0,0
2021-01-14 14:31:00+05:30,307.65,307.95,307.65,307.95,73979,0,0
2021-01-14 14:32:00+05:30,307.95,308.0,307.95,307.95,109207,0,0
2021-01-14 14:33:00+05:30,307.8,307.9,307.55,307.8,63636,0,0
2021-01-14 14:34:00+05:30,307.85,307.95,307.8,307.9,30829,0,0
2021-01-14 14:35:00+05:30,307.95,308.0,307.75,307.9,177199,0,0
2021-01-14 14:36:00+05:30,307.9,308.05,307.75,308.0,76616,0,0
2021-01-14 14:37:00+05:30,307.95,308.0,307.85,307.9,51182,0,0
2021-01-14 14:38:00+05:30,307.9,307.95,307.8,307.85,47068,0,0
2021-01-14 14:39:00+05:30,307.8,307.85,307.7,307.85,33889,0,0
2021-01-14 14:40:00+05:30,307.85,307.9,307.75,307.9,26108,0,0
2021-01-14 14:41:00+05:30,307.9,307.95,307.75,307.8,64269,0,0
2021-01-14 14:42:00+05:30,307.8,307.8,307.35,307.4,120075,0,0
2021-01-14 14:43:00+05:30,307.4,307.4,307.0,307.1,136982,0,0
2021-01-14 14:44:00+05:30,307.1,307.1,306.5,306.75,292477,0,0
2021-01-14 14:45:00+05:30,306.65,306.75,306.55,306.7,296052,0,0
2021-01-14 14:46:00+05:30,307.5,307.5,306.9,307.15,192312,0,0
2021-01-14 14:47:00+05:30,307.1,307.2,307.05,307.1,44439,0,0
2021-01-14 14:48:00+05:30,307.1,307.3,307.0,307.25,35181,0,0
2021-01-14 14:49:00+05:30,307.3,307.3,306.8,306.85,85204,0,0
2021-01-14 14:50:00+05:30,306.8,306.95,306.7,306.9,56940,0,0
2021-01-14 14:51:00+05:30,306.95,307.2,306.85,307.2,65085,0,0
2021-01-14 14:52:00+05:30,307.2,307.3,307.05,307.15,51748,0,0
2021-01-14 14:53:00+05:30,307.15,307.2,307.1,307.15,33407,0,0
2021-01-14 14:54:00+05:30,307.1,307.15,306.8,306.95,118840,0,0
2021-01-14 14:55:00+05:30,306.95,307.0,306.9,307.0,59459,0,0
2021-01-14 14:56:00+05:30,306.95,307.0,306.9,307.0,70427,0,0
2021-01-14 14:57:00+05:30,306.9,307.0,306.9,306.95,52543,0,0
2021-01-14 14:58:00+05:30,307.0,307.1,306.8,307.0,110500,0,0
2021-01-14 14:59:00+05:30,307.0,307.0,306.5,306.55,180033,0,0
2021-01-14 15:00:00+05:30,306.25,306.75,306.2,306.65,239139,0,0
2021-01-14 15:01:00+05:30,306.65,306.8,306.6,306.7,65454,0,0
2021-01-14 15:02:00+05:30,306.65,307.0,306.65,306.95,113717,0,0
2021-01-14 15:03:00+05:30,307.0,307.15,306.95,307.1,101940,0,0
2021-01-14 15:04:00+05:30,307.1,307.2,306.95,307.0,182421,0,0
2021-01-14 15:05:00+05:30,307.0,307.4,307.0,307.35,123141,0,0
2021-01-14 15:06:00+05:30,307.25,307.65,307.25,307.6,150209,0,0
2021-01-14 15:07:00+05:30,307.6,307.65,307.15,307.35,136192,0,0
2021-01-14 15:08:00+05:30,307.4,307.5,307.3,307.4,95660,0,0
2021-01-14 15:09:00+05:30,307.35,307.4,307.3,307.35,79171,0,0
2021-01-14 15:10:00+05:30,307.35,307.45,307.15,307.3,223734,0,0
2021-01-14 15:11:00+05:30,307.3,307.5,307.1,307.3,212658,0,0
2021-01-14 15:12:00+05:30,307.3,307.4,307.25,307.35,108460,0,0
2021-01-14 15:13:00+05:30,307.45,307.5,307.2,307.2,163089,0,0
2021-01-14 15:14:00+05:30,307.4,307.4,306.8,306.8,203979,0,0
2021-01-14 15:15:00+05:30,306.9,307.3,306.9,307.05,177721,0,0
2021-01-14 15:16:00+05:30,307.1,307.3,306.95,307.3,180709,0,0
2021-01-14 15:17:00+05:30,307.25,307.3,307.0,307.1,199282,0,0
2021-01-14 15:18:00+05:30,307.15,307.25,306.85,307.1,170489,0,0
2021-01-14 15:19:00+05:30,307.1,307.3,307.05,307.3,121739,0,0
2021-01-14 15:20:00+05:30,307.3,307.45,307.0,307.2,213958,0,0
2021-01-14 15:21:00+05:30,307.1,307.65,307.1,307.1,269441,0,0
2021-01-14 15:22:00+05:30,307.35,307.7,307.15,307.65,101497,0,0
2021-01-14 15:23:00+05:30,307.65,307.7,307.5,307.6,87304,0,0
2021-01-14 15:24:00+05:30,307.55,307.7,307.35,307.4,88243,0,0
2021-01-14 15:25:00+05:30,307.5,307.65,307.3,307.45,134665,0,0
2021-01-14 15:26:00+05:30,307.4,307.4,307.1,307.3,71873,0,0
2021-01-14 15:27:00+05:30,307.1,307.5,307.1,307.4,66608,0,0
2021-01-14 15:28:00+05:30,307.45,307.5,307.2,307.3,69724,0,0
2021-01-14 15:29:00+05:30,307.35,307.9,307.3,307.9,182045,0,0
2021-01-15 09:15:00+05:30,306.95,307.9,306.8,307.7,0,0,0
2021-01-15 09:16:00+05:30,307.6,308.5,307.3,308.2,338896,0,0
2021-01-15 09:17:00+05:30,308.4,308.7,308.05,308.55,334456,0,0
2021-01-15 09:18:00+05:30,308.5,308.55,308.15,308.35,131600,0,0
2021-01-15 09:19:00+05:30,308.45,308.45,308.0,308.0,170753,0,0
2021-01-15 09:20:00+05:30,308.0,308.0,307.4,307.65,181905,0,0
2021-01-15 09:21:00+05:30,307.75,307.75,306.45,306.95,239343,0,0
2021-01-15 09:22:00+05:30,306.95,307.4,306.95,307.3,144047,0,0
2021-01-15 09:23:00+05:30,307.25,307.4,306.7,306.8,113391,0,0
2021-01-15 09:24:00+05:30,307.05,307.4,306.8,307.2,92873,0,0
2021-01-15 09:25:00+05:30,307.2,307.95,307.1,307.9,106232,0,0
2021-01-15 09:26:00+05:30,307.85,308.35,307.55,308.35,178266,0,0
2021-01-15 09:27:00+05:30,308.4,310.15,308.25,309.65,801044,0,0
2021-01-15 09:28:00+05:30,309.7,310.0,309.35,309.45,258151,0,0
2021-01-15 09:29:00+05:30,309.5,310.85,309.45,310.55,508072,0,0
2021-01-15 09:30:00+05:30,310.65,310.65,309.7,309.7,307420,0,0
2021-01-15 09:31:00+05:30,309.7,309.7,308.7,309.3,357347,0,0
2021-01-15 09:32:00+05:30,309.35,309.6,309.2,309.5,154727,0,0
2021-01-15 09:33:00+05:30,309.55,309.7,309.5,309.6,128470,0,0
2021-01-15 09:34:00+05:30,309.6,309.65,308.25,308.45,325448,0,0
2021-01-15 09:35:00+05:30,308.3,308.3,307.7,307.85,327229,0,0
2021-01-15 09:36:00+05:30,307.7,308.5,307.4,308.5,205419,0,0
2021-01-15 09:37:00+05:30,308.5,309.0,308.25,308.8,103513,0,0
2021-01-15 09:38:00+05:30,308.85,309.0,308.7,308.85,120701,0,0
2021-01-15 09:39:00+05:30,308.8,308.9,308.05,308.3,112495,0,0
2021-01-15 09:40:00+05:30,308.35,308.35,307.8,308.2,177866,0,0
2021-01-15 09:41:00+05:30,308.15,308.15,307.65,307.75,154865,0,0
2021-01-15 09:42:00+05:30,307.75,307.9,306.8,307.15,424012,0,0
2021-01-15 09:43:00+05:30,307.1,307.15,306.85,307.05,210550,0,0
2021-01-15 09:44:00+05:30,307.1,307.55,307.05,307.15,178073,0,0
2021-01-15 09:45:00+05:30,307.1,307.2,306.25,306.7,270107,0,0
2021-01-15 09:46:00+05:30,306.7,306.7,305.1,305.3,558092,0,0
2021-01-15 09:47:00+05:30,305.3,306.15,304.85,305.85,457281,0,0
2021-01-15 09:48:00+05:30,306.0,306.3,305.8,306.15,217542,0,0
2021-01-15 09:49:00+05:30,306.15,306.35,305.8,306.2,115212,0,0
2021-01-15 09:50:00+05:30,306.3,306.5,305.95,306.1,202221,0,0
2021-01-15 09:51:00+05:30,306.1,306.55,305.85,306.55,133580,0,0
2021-01-15 09:52:00+05:30,306.7,307.25,306.65,307.15,177357,0,0
2021-01-15 09:53:00+05:30,307.05,307.25,306.8,307.2,131561,0,0
2021-01-15 09:54:00+05:30,307.25,307.7,307.25,307.5,135676,0,0
2021-01-15 09:55:00+05:30,307.5,307.6,307.3,307.4,100631,0,0
2021-01-15 09:56:00+05:30,307.4,307.5,307.0,307.45,104334,0,0
2021-01-15 09:57:00+05:30,307.45,307.8,307.45,307.7,82524,0,0
2021-01-15 09:58:00+05:30,307.6,307.95,307.6,307.75,98645,0,0
2021-01-15 09:59:00+05:30,307.85,308.0,307.75,307.8,81272,0,0
2021-01-15 10:00:00+05:30,307.75,308.35,307.65,308.2,222714,0,0
2021-01-15 10:01:00+05:30,308.2,308.35,308.1,308.15,98082,0,0
2021-01-15 10:02:00+05:30,308.2,308.25,307.85,307.9,78952,0,0
2021-01-15 10:03:00+05:30,307.9,307.95,307.6,307.8,60185,0,0
2021-01-15 10:04:00+05:30,307.75,307.9,307.6,307.85,65564,0,0
2021-01-15 10:05:00+05:30,307.8,307.8,307.3,307.55,94047,0,0
2021-01-15 10:06:00+05:30,307.7,308.15,307.55,308.0,75227,0,0
2021-01-15 10:07:00+05:30,308.05,308.4,308.05,308.2,79492,0,0
2021-01-15 10:08:00+05:30,308.2,308.35,308.1,308.3,47374,0,0
2021-01-15 10:09:00+05:30,308.3,308.7,308.2,308.65,175029,0,0
2021-01-15 10:10:00+05:30,308.65,308.8,308.3,308.45,109331,0,0
2021-01-15 10:11:00+05:30,308.55,308.8,308.45,308.8,52008,0,0
2021-01-15 10:12:00+05:30,308.75,308.8,308.55,308.65,45635,0,0
2021-01-15 10:13:00+05:30,308.7,308.8,308.55,308.7,58782,0,0
2021-01-15 10:14:00+05:30,308.7,308.75,308.5,308.5,41139,0,0
2021-01-15 10:15:00+05:30,308.5,309.35,308.5,309.05,325561,0,0
2021-01-15 10:16:00+05:30,308.85,309.1,308.75,308.8,68468,0,0
2021-01-15 10:17:00+05:30,308.75,308.75,308.05,308.15,89115,0,0
2021-01-15 10:18:00+05:30,308.15,308.3,307.8,307.95,130217,0,0
2021-01-15 10:19:00+05:30,308.0,308.4,307.9,308.35,45643,0,0
2021-01-15 10:20:00+05:30,308.3,308.5,308.3,308.3,44999,0,0
2021-01-15 10:21:00+05:30,308.2,308.3,308.0,308.2,52400,0,0
2021-01-15 10:22:00+05:30,308.25,308.45,308.2,308.45,28221,0,0
2021-01-15 10:23:00+05:30,308.45,308.65,308.4,308.5,48744,0,0
2021-01-15 10:24:00+05:30,308.45,308.5,308.4,308.5,27544,0,0
2021-01-15 10:25:00+05:30,308.5,308.7,308.45,308.65,37488,0,0
2021-01-15 10:26:00+05:30,308.65,308.7,308.45,308.65,48854,0,0
2021-01-15 10:27:00+05:30,308.6,308.6,307.9,307.9,86798,0,0
2021-01-15 10:28:00+05:30,307.9,308.25,307.9,308.2,45588,0,0
2021-01-15 10:29:00+05:30,308.2,308.2,307.55,307.65,115929,0,0
2021-01-15 10:30:00+05:30,307.7,307.75,307.1,307.55,206509,0,0
2021-01-15 10:31:00+05:30,307.5,307.55,307.2,307.25,55679,0,0
2021-01-15 10:32:00+05:30,307.3,307.7,307.2,307.55,80795,0,0
2021-01-15 10:33:00+05:30,307.65,307.95,307.55,307.8,74129,0,0
2021-01-15 10:34:00+05:30,307.75,308.15,307.75,307.95,69162,0,0
2021-01-15 10:35:00+05:30,307.95,308.0,307.65,307.95,31111,0,0
2021-01-15 10:36:00+05:30,307.9,308.15,307.9,308.15,28342,0,0
2021-01-15 10:37:00+05:30,308.15,308.25,307.7,307.75,59847,0,0
2021-01-15 10:38:00+05:30,307.7,307.9,307.65,307.65,24544,0,0
2021-01-15 10:39:00+05:30,307.35,307.5,307.2,307.3,122026,0,0
2021-01-15 10:40:00+05:30,307.45,307.8,307.3,307.8,50301,0,0
2021-01-15 10:41:00+05:30,307.65,308.05,307.65,307.8,69288,0,0
2021-01-15 10:42:00+05:30,307.85,307.95,307.75,307.95,21522,0,0
2021-01-15 10:43:00+05:30,307.8,308.05,307.8,308.0,35494,0,0
2021-01-15 10:44:00+05:30,308.0,308.2,307.9,308.2,25608,0,0
2021-01-15 10:45:00+05:30,308.2,308.4,308.05,308.3,46581,0,0
2021-01-15 10:46:00+05:30,308.3,308.5,308.3,308.45,78856,0,0
2021-01-15 10:47:00+05:30,308.3,308.45,307.85,308.15,53673,0,0
2021-01-15 10:48:00+05:30,308.1,308.2,307.85,307.9,29153,0,0
2021-01-15 10:49:00+05:30,307.85,308.1,307.65,308.1,48308,0,0
2021-01-15 10:50:00+05:30,308.1,308.4,308.05,308.3,35920,0,0
2021-01-15 10:51:00+05:30,308.3,308.3,308.0,308.0,29314,0,0
2021-01-15 10:52:00+05:30,308.0,308.25,307.8,308.0,55635,0,0
2021-01-15 10:53:00+05:30,308.05,308.25,308.0,308.15,26275,0,0
2021-01-15 10:54:00+05:30,308.2,308.25,308.0,308.1,29254,0,0
2021-01-15 10:55:00+05:30,308.1,308.2,307.9,308.15,37089,0,0
2021-01-15 10:56:00+05:30,308.2,308.2,308.0,308.05,32509,0,0
2021-01-15 10:57:00+05:30,308.05,308.1,307.9,308.1,20644,0,0
2021-01-15 10:58:00+05:30,308.15,308.3,308.05,308.3,45880,0,0
2021-01-15 10:59:00+05:30,308.3,308.3,308.0,308.1,26639,0,0
2021-01-15 11:00:00+05:30,308.15,308.15,307.5,307.7,81585,0,0
2021-01-15 11:01:00+05:30,307.7,307.8,307.6,307.7,42946,0,0
2021-01-15 11:02:00+05:30,307.75,307.75,307.6,307.75,31543,0,0
2021-01-15 11:03:00+05:30,307.7,307.95,307.7,307.85,25643,0,0
2021-01-15 11:04:00+05:30,307.9,308.1,307.8,308.0,32157,0,0
2021-01-15 11:05:00+05:30,307.95,308.1,307.7,307.8,29778,0,0
2021-01-15 11:06:00+05:30,307.7,308.0,307.6,307.9,22299,0,0
2021-01-15 11:07:00+05:30,307.95,308.0,307.7,307.8,24796,0,0
2021-01-15 11:08:00+05:30,307.8,307.9,307.3,307.4,82915,0,0
2021-01-15 11:09:00+05:30,307.4,307.75,307.4,307.65,80306,0,0
2021-01-15 11:10:00+05:30,307.6,307.7,307.3,307.35,156999,0,0
2021-01-15 11:11:00+05:30,307.35,307.55,306.85,307.0,343732,0,0
2021-01-15 11:12:00+05:30,307.0,307.25,306.7,307.25,264142,0,0
2021-01-15 11:13:00+05:30,307.15,307.5,306.95,307.25,303810,0,0
2021-01-15 11:14:00+05:30,307.2,307.5,307.05,307.4,60053,0,0
2021-01-15 11:15:00+05:30,307.35,307.75,307.2,307.65,120161,0,0
2021-01-15 11:16:00+05:30,307.65,307.95,307.55,307.7,145923,0,0
2021-01-15 11:17:00+05:30,307.7,307.8,307.2,307.35,103363,0,0
2021-01-15 11:18:00+05:30,307.25,307.55,307.2,307.3,64176,0,0
2021-01-15 11:19:00+05:30,307.35,307.7,307.1,307.45,150742,0,0
2021-01-15 11:20:00+05:30,307.45,307.45,307.05,307.05,236529,0,0
2021-01-15 11:21:00+05:30,307.1,307.15,306.5,306.6,238790,0,0
2021-01-15 11:22:00+05:30,306.6,306.65,306.25,306.3,191475,0,0
2021-01-15 11:23:00+05:30,306.3,306.3,305.55,305.6,290562,0,0
2021-01-15 11:24:00+05:30,305.55,305.85,305.5,305.7,216788,0,0
2021-01-15 11:25:00+05:30,305.6,305.6,304.3,304.9,573143,0,0
2021-01-15 11:26:00+05:30,305.05,305.5,305.0,305.4,130291,0,0
2021-01-15 11:27:00+05:30,305.5,305.5,305.25,305.4,127975,0,0
2021-01-15 11:28:00+05:30,305.4,305.5,305.05,305.25,120343,0,0
2021-01-15 11:29:00+05:30,305.1,305.15,304.6,304.85,251140,0,0
2021-01-15 11:30:00+05:30,304.85,305.0,304.6,304.85,135263,0,0
2021-01-15 11:31:00+05:30,305.0,305.0,304.75,304.85,102809,0,0
2021-01-15 11:32:00+05:30,304.9,305.1,304.85,305.1,109053,0,0
2021-01-15 11:33:00+05:30,305.1,305.4,305.0,305.2,70834,0,0
2021-01-15 11:34:00+05:30,305.2,305.6,305.15,305.4,111249,0,0
2021-01-15 11:35:00+05:30,305.4,305.6,305.35,305.6,61356,0,0
2021-01-15 11:36:00+05:30,305.6,305.6,304.8,304.95,256124,0,0
2021-01-15 11:37:00+05:30,305.1,305.6,305.1,305.5,83911,0,0
2021-01-15 11:38:00+05:30,305.5,305.9,305.4,305.85,87332,0,0
2021-01-15 11:39:00+05:30,305.8,305.9,305.15,305.45,130271,0,0
2021-01-15 11:40:00+05:30,305.45,305.7,305.4,305.5,45145,0,0
2021-01-15 11:41:00+05:30,305.5,305.5,305.3,305.35,40237,0,0
2021-01-15 11:42:00+05:30,305.35,305.35,305.05,305.15,66676,0,0
2021-01-15 11:43:00+05:30,305.15,305.6,305.1,305.45,53042,0,0
2021-01-15 11:44:00+05:30,305.45,305.85,305.4,305.75,65705,0,0
2021-01-15 11:45:00+05:30,305.75,305.95,305.5,305.7,130811,0,0
2021-01-15 11:46:00+05:30,305.65,305.75,305.55,305.65,38210,0,0
2021-01-15 11:47:00+05:30,305.55,305.65,305.35,305.6,167923,0,0
2021-01-15 11:48:00+05:30,305.7,305.75,305.4,305.5,25355,0,0
2021-01-15 11:49:00+05:30,305.5,305.75,305.5,305.65,23310,0,0
2021-01-15 11:50:00+05:30,305.65,305.65,305.55,305.55,21491,0,0
2021-01-15 11:51:00+05:30,305.6,305.7,305.5,305.65,30875,0,0
2021-01-15 11:52:00+05:30,305.65,305.75,305.5,305.75,27140,0,0
2021-01-15 11:53:00+05:30,305.75,305.85,305.7,305.75,46501,0,0
2021-01-15 11:54:00+05:30,305.75,305.9,305.75,305.8,40921,0,0
2021-01-15 11:55:00+05:30,305.85,305.85,305.7,305.8,49182,0,0
2021-01-15 11:56:00+05:30,305.75,305.8,305.5,305.55,23098,0,0
2021-01-15 11:57:00+05:30,305.5,305.85,305.5,305.65,31351,0,0
2021-01-15 11:58:00+05:30,305.6,305.9,305.6,305.9,24487,0,0
2021-01-15 11:59:00+05:30,305.9,305.95,305.8,305.85,26229,0,0
2021-01-15 12:00:00+05:30,305.9,305.9,305.8,305.8,22054,0,0
2021-01-15 12:01:00+05:30,305.85,306.1,305.8,306.05,45392,0,0
2021-01-15 12:02:00+05:30,306.05,306.1,305.9,305.95,37922,0,0
2021-01-15 12:03:00+05:30,306.0,306.0,305.85,305.85,19311,0,0
2021-01-15 12:04:00+05:30,305.85,305.9,305.6,305.6,40832,0,0
2021-01-15 12:05:00+05:30,305.65,305.8,305.6,305.8,20062,0,0
2021-01-15 12:06:00+05:30,305.85,305.85,305.65,305.65,15974,0,0
2021-01-15 12:07:00+05:30,305.75,305.75,305.5,305.55,58424,0,0
2021-01-15 12:08:00+05:30,305.4,305.6,305.25,305.55,42896,0,0
2021-01-15 12:09:00+05:30,305.55,305.6,305.25,305.3,27126,0,0
2021-01-15 12:10:00+05:30,305.35,305.6,305.3,305.5,51852,0,0
2021-01-15 12:11:00+05:30,305.4,305.65,305.4,305.6,13798,0,0
2021-01-15 12:12:00+05:30,305.65,305.65,305.45,305.5,23129,0,0
2021-01-15 12:13:00+05:30,305.65,305.7,305.45,305.6,28182,0,0
2021-01-15 12:14:00+05:30,305.6,305.95,305.6,305.9,23399,0,0
2021-01-15 12:15:00+05:30,305.95,306.0,305.7,305.85,38404,0,0
2021-01-15 12:16:00+05:30,305.9,306.0,305.6,305.9,32029,0,0
2021-01-15 12:17:00+05:30,305.8,306.0,305.8,305.85,8739,0,0
2021-01-15 12:18:00+05:30,305.85,305.95,305.8,305.95,22709,0,0
2021-01-15 12:19:00+05:30,305.95,306.0,305.8,305.8,28596,0,0
2021-01-15 12:20:00+05:30,305.9,305.95,305.55,305.55,29984,0,0
2021-01-15 12:21:00+05:30,305.6,305.75,305.35,305.7,33823,0,0
2021-01-15 12:22:00+05:30,305.7,305.9,305.55,305.9,26882,0,0
2021-01-15 12:23:00+05:30,305.9,306.2,305.8,306.1,115974,0,0
2021-01-15 12:24:00+05:30,306.2,306.65,306.15,306.45,137965,0,0
2021-01-15 12:25:00+05:30,306.4,306.6,306.3,306.55,42078,0,0
2021-01-15 12:26:00+05:30,306.55,306.6,306.35,306.35,37894,0,0
2021-01-15 12:27:00+05:30,306.4,306.45,306.3,306.4,33790,0,0
2021-01-15 12:28:00+05:30,306.55,306.6,306.45,306.55,57553,0,0
2021-01-15 12:29:00+05:30,306.55,306.55,306.3,306.4,27452,0,0
2021-01-15 12:30:00+05:30,306.4,306.4,306.0,306.0,67489,0,0
2021-01-15 12:31:00+05:30,306.0,306.25,305.95,306.1,32198,0,0
2021-01-15 12:32:00+05:30,306.2,306.2,306.0,306.05,24475,0,0
2021-01-15 12:33:00+05:30,306.15,306.25,306.05,306.1,32665,0,0
2021-01-15 12:34:00+05:30,306.2,306.25,306.1,306.2,23417,0,0
2021-01-15 12:35:00+05:30,306.25,306.35,306.15,306.2,42517,0,0
2021-01-15 12:36:00+05:30,306.25,306.25,305.85,306.2,86267,0,0
2021-01-15 12:37:00+05:30,306.1,306.25,306.05,306.15,21627,0,0
2021-01-15 12:38:00+05:30,306.25,306.25,306.15,306.2,20396,0,0
2021-01-15 12:39:00+05:30,306.2,306.25,306.0,306.05,47765,0,0
2021-01-15 12:40:00+05:30,306.05,306.2,306.0,306.2,21652,0,0
2021-01-15 12:41:00+05:30,306.2,306.4,306.15,306.35,24099,0,0
2021-01-15 12:42:00+05:30,306.4,306.5,306.35,306.45,36636,0,0
2021-01-15 12:43:00+05:30,306.5,306.8,306.35,306.65,84612,0,0
2021-01-15 12:44:00+05:30,306.75,306.95,306.65,306.85,70853,0,0
2021-01-15 12:45:00+05:30,306.85,307.2,306.85,307.15,128536,0,0
2021-01-15 12:46:00+05:30,307.15,307.2,306.7,306.9,77463,0,0
2021-01-15 12:47:00+05:30,306.85,306.85,306.6,306.6,45100,0,0
2021-01-15 12:48:00+05:30,306.7,306.7,306.3,306.35,40957,0,0
2021-01-15 12:49:00+05:30,306.25,306.85,306.25,306.8,33220,0,0
2021-01-15 12:50:00+05:30,306.85,306.85,306.5,306.75,21322,0,0
2021-01-15 12:51:00+05:30,306.75,306.85,306.55,306.7,27430,0,0
2021-01-15 12:52:00+05:30,306.6,306.65,306.35,306.45,38478,0,0
2021-01-15 12:53:00+05:30,306.5,306.5,306.35,306.4,23177,0,0
2021-01-15 12:54:00+05:30,306.45,306.45,306.35,306.4,18970,0,0
2021-01-15 12:55:00+05:30,306.45,306.7,306.35,306.6,35351,0,0
2021-01-15 12:56:00+05:30,306.6,306.75,306.6,306.7,25141,0,0
2021-01-15 12:57:00+05:30,306.75,306.75,306.35,306.55,24650,0,0
2021-01-15 12:58:00+05:30,306.6,306.65,306.4,306.55,38920,0,0
2021-01-15 12:59:00+05:30,306.6,306.7,306.45,306.6,20461,0,0
2021-01-15 13:00:00+05:30,306.6,306.8,306.5,306.75,29440,0,0
2021-01-15 13:01:00+05:30,306.75,306.9,306.7,306.85,31458,0,0
2021-01-15 13:02:00+05:30,306.85,306.95,306.75,306.85,29579,0,0
2021-01-15 13:03:00+05:30,306.9,306.95,306.8,306.95,24838,0,0
2021-01-15 13:04:00+05:30,306.95,307.0,306.9,307.0,20048,0,0
2021-01-15 13:05:00+05:30,307.0,307.0,306.85,306.9,22530,0,0
2021-01-15 13:06:00+05:30,306.95,306.95,306.8,306.8,27110,0,0
2021-01-15 13:07:00+05:30,306.8,306.9,306.0,306.0,85039,0,0
2021-01-15 13:08:00+05:30,306.1,306.1,305.8,306.0,103324,0,0
2021-01-15 13:09:00+05:30,306.05,306.1,305.8,305.85,43207,0,0
2021-01-15 13:10:00+05:30,305.9,306.2,305.85,306.1,36318,0,0
2021-01-15 13:11:00+05:30,306.15,306.15,306.0,306.05,17229,0,0
2021-01-15 13:12:00+05:30,306.05,306.35,306.05,306.2,26749,0,0
2021-01-15 13:13:00+05:30,306.25,306.25,306.0,306.1,26959,0,0
2021-01-15 13:14:00+05:30,306.15,306.2,306.05,306.1,19393,0,0
2021-01-15 13:15:00+05:30,306.05,306.15,305.5,305.65,117383,0,0
2021-01-15 13:16:00+05:30,305.65,305.7,305.45,305.65,68421,0,0
2021-01-15 13:17:00+05:30,305.7,305.7,305.45,305.7,61827,0,0
2021-01-15 13:18:00+05:30,305.65,305.8,305.6,305.8,25769,0,0
2021-01-15 13:19:00+05:30,305.75,306.1,305.65,306.1,30010,0,0
2021-01-15 13:20:00+05:30,306.1,306.2,305.95,305.95,32436,0,0
2021-01-15 13:21:00+05:30,305.95,306.0,305.8,305.95,20224,0,0
2021-01-15 13:22:00+05:30,305.95,306.0,305.9,305.9,12869,0,0
2021-01-15 13:23:00+05:30,305.95,306.1,305.85,306.0,22592,0,0
2021-01-15 13:24:00+05:30,306.1,306.1,305.95,306.0,22582,0,0
2021-01-15 13:25:00+05:30,306.05,306.1,305.95,306.0,10769,0,0
2021-01-15 13:26:00+05:30,306.0,306.1,305.85,306.0,20858,0,0
2021-01-15 13:27:00+05:30,306.1,306.2,305.95,306.2,34778,0,0
2021-01-15 13:28:00+05:30,306.1,306.2,306.1,306.15,20869,0,0
2021-01-15 13:29:00+05:30,306.1,306.15,306.0,306.1,20065,0,0
2021-01-15 13:30:00+05:30,306.15,306.5,306.1,306.5,48120,0,0
2021-01-15 13:31:00+05:30,306.55,306.75,306.4,306.6,36653,0,0
2021-01-15 13:32:00+05:30,306.6,306.65,306.2,306.2,26912,0,0
2021-01-15 13:33:00+05:30,306.25,306.25,305.45,305.5,97840,0,0
2021-01-15 13:34:00+05:30,305.55,305.75,305.5,305.7,45134,0,0
2021-01-15 13:35:00+05:30,305.65,306.1,305.6,306.1,23740,0,0
2021-01-15 13:36:00+05:30,306.1,306.2,305.85,306.2,37908,0,0
2021-01-15 13:37:00+05:30,306.15,306.3,306.05,306.3,24966,0,0
2021-01-15 13:38:00+05:30,306.3,306.45,306.1,306.45,34253,0,0
2021-01-15 13:39:00+05:30,306.45,306.5,306.3,306.45,20479,0,0
2021-01-15 13:40:00+05:30,306.5,306.5,306.0,306.15,34899,0,0
2021-01-15 13:41:00+05:30,306.15,306.15,305.75,305.8,51306,0,0
2021-01-15 13:42:00+05:30,305.7,305.85,305.2,305.3,119827,0,0
2021-01-15 13:43:00+05:30,305.3,305.8,305.25,305.65,57992,0,0
2021-01-15 13:44:00+05:30,305.65,305.7,305.15,305.45,54847,0,0
2021-01-15 13:45:00+05:30,305.5,305.6,305.35,305.55,41447,0,0
2021-01-15 13:46:00+05:30,305.6,305.6,305.0,305.1,115393,0,0
2021-01-15 13:47:00+05:30,305.1,305.3,305.1,305.15,47351,0,0
2021-01-15 13:48:00+05:30,305.2,305.3,305.05,305.15,45008,0,0
2021-01-15 13:49:00+05:30,305.2,305.3,305.0,305.15,57092,0,0
2021-01-15 13:50:00+05:30,305.2,305.45,305.15,305.4,35208,0,0
2021-01-15 13:51:00+05:30,305.4,305.45,305.1,305.2,56930,0,0
2021-01-15 13:52:00+05:30,305.25,305.35,305.1,305.3,32984,0,0
2021-01-15 13:53:00+05:30,305.3,305.4,305.0,305.0,80033,0,0
2021-01-15 13:54:00+05:30,305.1,305.1,304.4,304.65,329312,0,0
2021-01-15 13:55:00+05:30,304.7,304.95,304.5,304.5,67951,0,0
2021-01-15 13:56:00+05:30,304.6,304.6,303.65,303.9,341166,0,0
2021-01-15 13:57:00+05:30,303.95,304.35,303.5,304.3,164467,0,0
2021-01-15 13:58:00+05:30,304.4,304.55,304.05,304.25,92801,0,0
2021-01-15 13:59:00+05:30,304.3,304.7,304.3,304.65,58120,0,0
2021-01-15 14:00:00+05:30,304.7,304.7,304.1,304.45,97251,0,0
2021-01-15 14:01:00+05:30,304.35,304.5,304.15,304.3,50651,0,0
2021-01-15 14:02:00+05:30,304.35,305.0,304.2,304.95,50425,0,0
2021-01-15 14:03:00+05:30,304.95,305.0,304.55,304.85,53604,0,0
2021-01-15 14:04:00+05:30,304.9,304.9,304.4,304.6,39415,0,0
2021-01-15 14:05:00+05:30,304.65,304.75,304.05,304.05,71355,0,0
2021-01-15 14:06:00+05:30,304.0,304.0,303.15,303.15,221589,0,0
2021-01-15 14:07:00+05:30,303.35,303.45,302.85,303.25,256514,0,0
2021-01-15 14:08:00+05:30,303.3,303.75,302.9,302.95,175493,0,0
2021-01-15 14:09:00+05:30,303.15,303.2,302.5,302.55,140495,0,0
2021-01-15 14:10:00+05:30,302.5,302.8,302.2,302.6,119141,0,0
2021-01-15 14:11:00+05:30,302.7,302.95,302.55,302.9,84819,0,0
2021-01-15 14:12:00+05:30,302.9,303.4,302.8,303.25,106808,0,0
2021-01-15 14:13:00+05:30,303.2,303.3,303.0,303.05,61610,0,0
2021-01-15 14:14:00+05:30,303.15,303.5,302.9,302.9,69354,0,0
2021-01-15 14:15:00+05:30,303.15,303.15,302.2,302.55,115789,0,0
2021-01-15 14:16:00+05:30,302.65,303.0,302.5,302.5,86978,0,0
2021-01-15 14:17:00+05:30,302.5,302.6,302.05,302.2,122643,0,0
2021-01-15 14:18:00+05:30,302.25,302.75,302.25,302.4,74167,0,0
2021-01-15 14:19:00+05:30,302.3,302.35,301.4,301.45,195946,0,0
2021-01-15 14:20:00+05:30,301.8,302.8,301.55,302.75,133398,0,0
2021-01-15 14:21:00+05:30,302.75,303.5,302.65,303.4,152137,0,0
2021-01-15 14:22:00+05:30,303.45,303.9,303.05,303.8,98224,0,0
2021-01-15 14:23:00+05:30,303.8,303.8,303.4,303.75,67603,0,0
2021-01-15 14:24:00+05:30,303.8,304.0,303.7,304.0,73491,0,0
2021-01-15 14:25:00+05:30,304.0,304.25,303.85,303.95,107375,0,0
2021-01-15 14:26:00+05:30,303.95,304.25,303.8,304.2,66287,0,0
2021-01-15 14:27:00+05:30,304.2,304.25,303.8,304.15,70237,0,0
2021-01-15 14:28:00+05:30,304.25,304.3,303.75,303.75,62479,0,0
2021-01-15 14:29:00+05:30,303.8,304.25,303.8,304.2,47947,0,0
2021-01-15 14:30:00+05:30,304.2,304.7,304.1,304.7,93503,0,0
2021-01-15 14:31:00+05:30,304.55,304.9,304.5,304.85,83792,0,0
2021-01-15 14:32:00+05:30,304.95,304.95,304.75,304.8,45884,0,0
2021-01-15 14:33:00+05:30,304.8,304.9,304.7,304.8,38957,0,0
2021-01-15 14:34:00+05:30,304.85,304.9,304.2,304.4,72184,0,0
2021-01-15 14:35:00+05:30,304.4,304.6,304.15,304.5,63783,0,0
2021-01-15 14:36:00+05:30,304.5,304.7,304.3,304.6,36484,0,0
2021-01-15 14:37:00+05:30,304.65,304.7,304.25,304.35,30989,0,0
2021-01-15 14:38:00+05:30,304.45,304.45,303.85,303.95,73350,0,0
2021-01-15 14:39:00+05:30,304.0,304.6,303.95,304.5,38965,0,0
2021-01-15 14:40:00+05:30,304.5,304.7,304.3,304.3,27926,0,0
2021-01-15 14:41:00+05:30,304.25,304.5,304.1,304.35,43389,0,0
2021-01-15 14:42:00+05:30,304.3,304.6,304.25,304.45,45875,0,0
2021-01-15 14:43:00+05:30,304.55,304.55,304.1,304.15,46310,0,0
2021-01-15 14:44:00+05:30,304.3,304.3,304.0,304.2,36079,0,0
2021-01-15 14:45:00+05:30,304.25,304.6,304.2,304.55,23902,0,0
2021-01-15 14:46:00+05:30,304.55,304.7,304.45,304.65,56172,0,0
2021-01-15 14:47:00+05:30,304.65,304.8,304.55,304.8,77824,0,0
2021-01-15 14:48:00+05:30,304.7,305.0,304.65,304.85,83088,0,0
2021-01-15 14:49:00+05:30,304.9,305.1,304.8,305.1,101122,0,0
2021-01-15 14:50:00+05:30,305.1,305.1,304.6,304.9,35634,0,0
2021-01-15 14:51:00+05:30,304.9,304.9,304.05,304.15,68152,0,0
2021-01-15 14:52:00+05:30,304.25,304.5,304.1,304.45,34234,0,0
2021-01-15 14:53:00+05:30,304.4,304.6,304.35,304.6,19467,0,0
2021-01-15 14:54:00+05:30,304.6,304.75,304.6,304.7,25117,0,0
2021-01-15 14:55:00+05:30,304.7,304.75,304.4,304.6,29252,0,0
2021-01-15 14:56:00+05:30,304.55,304.65,304.45,304.5,23896,0,0
2021-01-15 14:57:00+05:30,304.5,304.6,304.45,304.6,46049,0,0
2021-01-15 14:58:00+05:30,304.55,304.8,304.4,304.45,74725,0,0
2021-01-15 14:59:00+05:30,304.5,304.6,304.25,304.35,32804,0,0
2021-01-15 15:00:00+05:30,304.4,304.5,304.2,304.2,69557,0,0
2021-01-15 15:01:00+05:30,304.2,304.25,303.7,303.7,127899,0,0
2021-01-15 15:02:00+05:30,303.75,303.85,303.35,303.5,97536,0,0
2021-01-15 15:03:00+05:30,303.5,303.6,303.5,303.5,110517,0,0
2021-01-15 15:04:00+05:30,303.55,303.55,303.15,303.5,126744,0,0
2021-01-15 15:05:00+05:30,303.55,303.9,303.4,303.5,134611,0,0
2021-01-15 15:06:00+05:30,303.45,303.75,303.45,303.75,51035,0,0
2021-01-15 15:07:00+05:30,303.75,303.95,303.75,303.9,85028,0,0
2021-01-15 15:08:00+05:30,303.9,304.1,303.9,304.0,85895,0,0
2021-01-15 15:09:00+05:30,303.9,304.1,303.9,303.9,62749,0,0
2021-01-15 15:10:00+05:30,303.95,304.35,303.9,304.05,240504,0,0
2021-01-15 15:11:00+05:30,303.9,304.05,303.7,303.95,142123,0,0
2021-01-15 15:12:00+05:30,303.8,304.0,303.8,303.85,72003,0,0
2021-01-15 15:13:00+05:30,303.8,304.0,303.7,303.75,132528,0,0
2021-01-15 15:14:00+05:30,303.75,304.0,303.6,303.75,188225,0,0
2021-01-15 15:15:00+05:30,303.8,303.95,303.45,303.9,259661,0,0
2021-01-15 15:16:00+05:30,303.95,304.0,303.65,303.8,165373,0,0
2021-01-15 15:17:00+05:30,303.8,303.95,303.55,303.7,211837,0,0
2021-01-15 15:18:00+05:30,303.7,303.8,303.45,303.8,148070,0,0
2021-01-15 15:19:00+05:30,303.7,303.95,303.7,303.85,120065,0,0
2021-01-15 15:20:00+05:30,303.85,304.0,303.1,303.4,386518,0,0
2021-01-15 15:21:00+05:30,303.4,303.9,303.35,303.65,282370,0,0
2021-01-15 15:22:00+05:30,303.75,304.0,303.7,304.0,92183,0,0
2021-01-15 15:23:00+05:30,303.95,304.2,303.9,304.2,113864,0,0
2021-01-15 15:24:00+05:30,304.15,304.35,304.15,304.25,80858,0,0
2021-01-15 15:25:00+05:30,304.3,304.35,304.25,304.3,249041,0,0
2021-01-15 15:26:00+05:30,304.25,304.3,304.1,304.3,82849,0,0
2021-01-15 15:27:00+05:30,304.3,304.35,304.1,304.2,67915,0,0
2021-01-15 15:28:00+05:30,304.25,304.3,303.75,303.95,85321,0,0
2021-01-15 15:29:00+05:30,303.75,304.0,303.65,303.95,49423,0,0
2021-01-18 09:15:00+05:30,303.25,303.3,300.35,301.9,0,0,0
2021-01-18 09:16:00+05:30,301.9,302.3,301.55,302.2,374260,0,0
2021-01-18 09:17:00+05:30,302.65,303.85,302.4,303.7,364607,0,0
2021-01-18 09:18:00+05:30,303.7,304.7,303.5,304.7,363122,0,0
2021-01-18 09:19:00+05:30,305.0,306.95,305.0,306.55,562584,0,0
2021-01-18 09:20:00+05:30,306.5,307.4,306.3,307.4,442548,0,0
2021-01-18 09:21:00+05:30,307.4,308.65,307.4,308.45,670859,0,0
2021-01-18 09:22:00+05:30,308.5,308.5,307.45,307.65,489658,0,0
2021-01-18 09:23:00+05:30,307.5,307.6,307.0,307.4,253891,0,0
2021-01-18 09:24:00+05:30,307.3,307.45,306.95,307.45,193766,0,0
2021-01-18 09:25:00+05:30,307.4,307.5,307.1,307.5,155749,0,0
2021-01-18 09:26:00+05:30,307.5,308.0,307.4,307.85,208160,0,0
2021-01-18 09:27:00+05:30,307.85,307.9,307.6,307.6,129339,0,0
2021-01-18 09:28:00+05:30,307.5,307.5,306.9,306.95,217475,0,0
2021-01-18 09:29:00+05:30,306.9,306.9,305.9,305.95,289664,0,0
2021-01-18 09:30:00+05:30,305.95,306.5,305.95,306.3,206928,0,0
2021-01-18 09:31:00+05:30,306.3,306.35,306.05,306.05,157962,0,0
2021-01-18 09:32:00+05:30,306.05,306.05,305.6,305.7,207815,0,0
2021-01-18 09:33:00+05:30,305.75,306.25,305.55,305.6,268860,0,0
2021-01-18 09:34:00+05:30,305.65,305.65,305.4,305.55,220616,0,0
2021-01-18 09:35:00+05:30,305.55,305.75,304.4,304.8,642983,0,0
2021-01-18 09:36:00+05:30,304.85,305.0,304.35,304.65,276472,0,0
2021-01-18 09:37:00+05:30,304.75,305.3,304.3,305.15,198947,0,0
2021-01-18 09:38:00+05:30,305.15,305.5,305.05,305.5,152165,0,0
2021-01-18 09:39:00+05:30,305.5,306.15,305.4,306.0,266957,0,0
2021-01-18 09:40:00+05:30,306.15,307.65,306.0,307.25,438693,0,0
2021-01-18 09:41:00+05:30,307.3,307.65,307.1,307.65,180028,0,0
2021-01-18 09:42:00+05:30,307.55,307.95,307.5,307.5,237031,0,0
2021-01-18 09:43:00+05:30,307.55,307.7,307.2,307.6,180039,0,0
2021-01-18 09:44:00+05:30,307.65,308.0,307.45,308.0,208102,0,0
2021-01-18 09:45:00+05:30,308.0,308.5,307.9,308.25,426462,0,0
2021-01-18 09:46:00+05:30,308.35,308.35,307.9,307.9,163128,0,0
2021-01-18 09:47:00+05:30,308.05,308.1,307.8,307.9,152051,0,0
2021-01-18 09:48:00+05:30,308.0,308.0,307.0,307.2,205687,0,0
2021-01-18 09:49:00+05:30,307.3,307.4,307.2,307.25,85690,0,0
2021-01-18 09:50:00+05:30,307.3,307.75,307.25,307.35,188301,0,0
2021-01-18 09:51:00+05:30,307.25,307.25,306.65,307.05,176904,0,0
2021-01-18 09:52:00+05:30,306.95,306.95,306.65,306.7,95857,0,0
2021-01-18 09:53:00+05:30,306.65,306.7,305.4,305.45,425666,0,0
2021-01-18 09:54:00+05:30,305.5,305.5,304.25,304.55,1046928,0,0
2021-01-18 09:55:00+05:30,304.55,304.7,303.25,303.4,591025,0,0
2021-01-18 09:56:00+05:30,303.4,304.45,303.3,303.95,357855,0,0
2021-01-18 09:57:00+05:30,303.95,304.0,303.55,303.7,164742,0,0
2021-01-18 09:58:00+05:30,303.75,304.0,303.6,303.9,131243,0,0
2021-01-18 09:59:00+05:30,303.85,303.95,302.55,302.8,521821,0,0
2021-01-18 10:00:00+05:30,302.9,303.3,302.4,303.0,250213,0,0
2021-01-18 10:01:00+05:30,303.0,303.0,302.75,302.9,246987,0,0
2021-01-18 10:02:00+05:30,302.9,303.05,302.75,302.95,130693,0,0
2021-01-18 10:03:00+05:30,302.95,304.15,302.9,304.15,219023,0,0
2021-01-18 10:04:00+05:30,304.15,304.3,303.6,303.9,177508,0,0
2021-01-18 10:05:00+05:30,303.95,304.0,303.55,303.75,209743,0,0
2021-01-18 10:06:00+05:30,303.6,303.75,303.35,303.35,93695,0,0
2021-01-18 10:07:00+05:30,303.35,303.45,303.0,303.0,67672,0,0
2021-01-18 10:08:00+05:30,303.0,303.0,302.55,302.55,121586,0,0
2021-01-18 10:09:00+05:30,302.55,302.85,302.5,302.7,193507,0,0
2021-01-18 10:10:00+05:30,302.6,303.0,302.6,303.0,53182,0,0
2021-01-18 10:11:00+05:30,303.05,303.7,303.0,303.3,121377,0,0
2021-01-18 10:12:00+05:30,303.35,303.35,303.1,303.15,42510,0,0
2021-01-18 10:13:00+05:30,303.3,303.3,303.0,303.0,36125,0,0
2021-01-18 10:14:00+05:30,303.05,303.5,303.05,303.35,32584,0,0
2021-01-18 10:15:00+05:30,303.35,303.45,302.8,302.8,86719,0,0
2021-01-18 10:16:00+05:30,302.75,302.9,302.7,302.8,79994,0,0
2021-01-18 10:17:00+05:30,302.75,303.0,302.65,302.65,74566,0,0
2021-01-18 10:18:00+05:30,302.7,302.75,302.0,302.3,373208,0,0
2021-01-18 10:19:00+05:30,302.4,303.2,302.3,302.8,142129,0,0
2021-01-18 10:20:00+05:30,302.85,303.0,302.8,302.8,72461,0,0
2021-01-18 10:21:00+05:30,302.8,302.95,302.7,302.75,54414,0,0
2021-01-18 10:22:00+05:30,302.75,303.05,302.75,303.05,55578,0,0
2021-01-18 10:23:00+05:30,302.85,303.0,302.55,302.6,87802,0,0
2021-01-18 10:24:00+05:30,302.7,302.7,302.15,302.2,150482,0,0
2021-01-18 10:25:00+05:30,302.3,302.35,301.6,301.8,215426,0,0
2021-01-18 10:26:00+05:30,301.8,301.95,301.1,301.4,248090,0,0
2021-01-18 10:27:00+05:30,301.3,301.5,300.1,300.1,739426,0,0
2021-01-18 10:28:00+05:30,300.05,300.1,298.7,299.3,560141,0,0
2021-01-18 10:29:00+05:30,299.25,300.0,299.0,299.9,193539,0,0
2021-01-18 10:30:00+05:30,299.85,299.85,299.0,299.2,159939,0,0
2021-01-18 10:31:00+05:30,299.35,299.8,299.05,299.8,145980,0,0
2021-01-18 10:32:00+05:30,299.5,300.75,299.5,300.1,201236,0,0
2021-01-18 10:33:00+05:30,300.0,300.5,300.0,300.2,199557,0,0
2021-01-18 10:34:00+05:30,300.2,300.35,300.0,300.15,135622,0,0
2021-01-18 10:35:00+05:30,300.05,300.05,299.5,299.6,98606,0,0
2021-01-18 10:36:00+05:30,299.5,299.5,299.1,299.25,122455,0,0
2021-01-18 10:37:00+05:30,299.25,299.45,299.15,299.2,84590,0,0
2021-01-18 10:38:00+05:30,299.25,299.6,299.0,299.55,180419,0,0
2021-01-18 10:39:00+05:30,299.55,299.75,299.3,299.75,110925,0,0
2021-01-18 10:40:00+05:30,299.75,300.0,299.65,299.8,158981,0,0
2021-01-18 10:41:00+05:30,299.8,299.85,299.05,299.2,108363,0,0
2021-01-18 10:42:00+05:30,299.2,299.3,298.45,298.7,300181,0,0
2021-01-18 10:43:00+05:30,298.85,299.35,298.7,299.25,113432,0,0
2021-01-18 10:44:00+05:30,299.55,300.35,299.5,300.35,146188,0,0
2021-01-18 10:45:00+05:30,300.25,300.5,300.05,300.3,164074,0,0
2021-01-18 10:46:00+05:30,300.45,300.45,299.5,299.75,249365,0,0
2021-01-18 10:47:00+05:30,299.75,300.1,299.55,299.95,125283,0,0
2021-01-18 10:48:00+05:30,300.0,300.8,300.0,300.45,152433,0,0
2021-01-18 10:49:00+05:30,300.45,300.8,300.2,300.75,85752,0,0
2021-01-18 10:50:00+05:30,300.8,300.85,300.1,300.1,107823,0,0
2021-01-18 10:51:00+05:30,300.15,300.25,300.0,300.0,65586,0,0
2021-01-18 10:52:00+05:30,300.05,300.1,299.75,300.0,117005,0,0
2021-01-18 10:53:00+05:30,299.95,300.15,299.85,300.05,38151,0,0
2021-01-18 10:54:00+05:30,300.05,300.2,299.65,299.65,58750,0,0
2021-01-18 10:55:00+05:30,299.8,299.8,299.5,299.75,52908,0,0
2021-01-18 10:56:00+05:30,299.65,299.65,299.1,299.15,91107,0,0
2021-01-18 10:57:00+05:30,299.25,299.25,298.2,298.5,321862,0,0
2021-01-18 10:58:00+05:30,298.5,298.8,298.35,298.6,81987,0,0
2021-01-18 10:59:00+05:30,298.6,299.0,298.5,298.65,76514,0,0
2021-01-18 11:00:00+05:30,298.5,298.95,298.4,298.65,113980,0,0
2021-01-18 11:01:00+05:30,298.75,298.75,297.75,297.9,394805,0,0
2021-01-18 11:02:00+05:30,297.9,298.7,297.85,298.6,122854,0,0
2021-01-18 11:03:00+05:30,298.55,298.8,298.2,298.8,107408,0,0
2021-01-18 11:04:00+05:30,298.7,299.25,298.65,299.05,92768,0,0
2021-01-18 11:05:00+05:30,299.0,299.4,299.0,299.3,69846,0,0
2021-01-18 11:06:00+05:30,299.3,299.7,299.15,299.3,108963,0,0
2021-01-18 11:07:00+05:30,299.25,299.5,299.15,299.3,56055,0,0
2021-01-18 11:08:00+05:30,299.3,299.6,299.25,299.4,62159,0,0
2021-01-18 11:09:00+05:30,299.4,299.95,298.8,298.8,160066,0,0
2021-01-18 11:10:00+05:30,299.0,299.5,298.9,299.1,50003,0,0
2021-01-18 11:11:00+05:30,299.2,299.25,298.85,298.95,44312,0,0
2021-01-18 11:12:00+05:30,299.0,299.4,298.95,299.2,41147,0,0
2021-01-18 11:13:00+05:30,299.15,299.5,299.0,299.0,49340,0,0
2021-01-18 11:14:00+05:30,299.15,299.4,299.1,299.25,26879,0,0
2021-01-18 11:15:00+05:30,299.25,299.6,299.25,299.4,38366,0,0
2021-01-18 11:16:00+05:30,299.5,299.55,299.35,299.45,40661,0,0
2021-01-18 11:17:00+05:30,299.45,299.75,299.4,299.75,42863,0,0
2021-01-18 11:18:00+05:30,299.75,299.8,299.55,299.65,56781,0,0
2021-01-18 11:19:00+05:30,299.8,299.8,299.55,299.7,49845,0,0
2021-01-18 11:20:00+05:30,299.7,299.7,299.5,299.5,31476,0,0
2021-01-18 11:21:00+05:30,299.5,299.7,299.5,299.5,56321,0,0
2021-01-18 11:22:00+05:30,299.6,299.65,299.25,299.3,30033,0,0
2021-01-18 11:23:00+05:30,299.35,299.4,299.1,299.1,38462,0,0
2021-01-18 11:24:00+05:30,299.25,299.25,298.9,298.95,62676,0,0
2021-01-18 11:25:00+05:30,298.9,299.4,298.9,299.25,35245,0,0
2021-01-18 11:26:00+05:30,299.2,299.25,298.95,299.25,34434,0,0
2021-01-18 11:27:00+05:30,299.25,299.25,298.85,298.85,39472,0,0
2021-01-18 11:28:00+05:30,298.85,298.85,298.5,298.5,48417,0,0
2021-01-18 11:29:00+05:30,298.5,298.85,298.5,298.65,57196,0,0
2021-01-18 11:30:00+05:30,298.8,298.95,298.6,298.65,39243,0,0
2021-01-18 11:31:00+05:30,298.6,298.8,298.6,298.6,55340,0,0
2021-01-18 11:32:00+05:30,298.65,298.65,298.0,298.25,136393,0,0
2021-01-18 11:33:00+05:30,298.2,298.5,298.2,298.35,31300,0,0
2021-01-18 11:34:00+05:30,298.3,298.5,298.25,298.5,42199,0,0
2021-01-18 11:35:00+05:30,298.5,298.5,298.2,298.25,50463,0,0
2021-01-18 11:36:00+05:30,298.2,298.35,298.1,298.1,54369,0,0
2021-01-18 11:37:00+05:30,298.1,298.3,298.1,298.1,29698,0,0
2021-01-18 11:38:00+05:30,298.2,298.7,298.1,298.55,52246,0,0
2021-01-18 11:39:00+05:30,298.6,298.7,298.25,298.3,32229,0,0
2021-01-18 11:40:00+05:30,298.3,298.55,298.15,298.5,31405,0,0
2021-01-18 11:41:00+05:30,298.4,298.6,298.35,298.5,37345,0,0
2021-01-18 11:42:00+05:30,298.5,298.55,298.4,298.5,32228,0,0
2021-01-18 11:43:00+05:30,298.45,298.45,297.85,297.9,144215,0,0
2021-01-18 11:44:00+05:30,297.9,298.0,297.1,297.3,287695,0,0
2021-01-18 11:45:00+05:30,297.25,297.25,296.45,296.8,419341,0,0
2021-01-18 11:46:00+05:30,296.65,297.3,296.65,297.0,141038,0,0
2021-01-18 11:47:00+05:30,297.0,297.4,297.0,297.3,90508,0,0
2021-01-18 11:48:00+05:30,297.3,297.5,297.1,297.35,42497,0,0
2021-01-18 11:49:00+05:30,297.35,297.6,297.25,297.45,65313,0,0
2021-01-18 11:50:00+05:30,297.35,297.6,297.35,297.4,37849,0,0
2021-01-18 11:51:00+05:30,297.4,297.7,297.25,297.4,86518,0,0
2021-01-18 11:52:00+05:30,297.4,297.45,297.1,297.25,50642,0,0
2021-01-18 11:53:00+05:30,297.25,297.4,297.2,297.3,34914,0,0
2021-01-18 11:54:00+05:30,297.35,297.45,297.05,297.15,44466,0,0
2021-01-18 11:55:00+05:30,297.15,297.25,297.0,297.15,72272,0,0
2021-01-18 11:56:00+05:30,297.05,297.2,296.85,296.85,75466,0,0
2021-01-18 11:57:00+05:30,296.85,296.85,296.6,296.75,62239,0,0
2021-01-18 11:58:00+05:30,296.85,297.0,296.75,296.9,61330,0,0
2021-01-18 11:59:00+05:30,296.95,296.95,296.35,296.35,123660,0,0
2021-01-18 12:00:00+05:30,296.45,296.65,296.0,296.65,169879,0,0
2021-01-18 12:01:00+05:30,296.55,296.95,296.55,296.95,81254,0,0
2021-01-18 12:02:00+05:30,296.9,297.25,296.85,297.1,71150,0,0
2021-01-18 12:03:00+05:30,297.0,297.2,297.0,297.15,40171,0,0
2021-01-18 12:04:00+05:30,297.15,297.2,297.0,297.05,54431,0,0
2021-01-18 12:05:00+05:30,297.05,297.2,296.85,297.2,77776,0,0
2021-01-18 12:06:00+05:30,297.05,297.3,297.0,297.3,57437,0,0
2021-01-18 12:07:00+05:30,297.3,297.3,297.1,297.25,62641,0,0
2021-01-18 12:08:00+05:30,297.25,297.3,297.1,297.15,22291,0,0
2021-01-18 12:09:00+05:30,297.1,297.2,297.0,297.15,44760,0,0
2021-01-18 12:10:00+05:30,297.1,297.35,297.05,297.3,41612,0,0
2021-01-18 12:11:00+05:30,297.3,297.6,297.3,297.45,63640,0,0
2021-01-18 12:12:00+05:30,297.45,297.8,297.4,297.7,47674,0,0
2021-01-18 12:13:00+05:30,297.7,297.9,297.65,297.9,65276,0,0
2021-01-18 12:14:00+05:30,297.9,297.9,297.35,297.35,66035,0,0
2021-01-18 12:15:00+05:30,297.3,297.85,297.3,297.85,43436,0,0
2021-01-18 12:16:00+05:30,298.2,298.4,297.6,297.9,200755,0,0
2021-01-18 12:17:00+05:30,297.85,298.0,297.75,297.9,75291,0,0
2021-01-18 12:18:00+05:30,297.85,298.1,297.85,297.95,59509,0,0
2021-01-18 12:19:00+05:30,297.95,298.0,297.7,297.7,114490,0,0
2021-01-18 12:20:00+05:30,297.85,297.85,297.5,297.55,47600,0,0
2021-01-18 12:21:00+05:30,297.5,297.5,297.05,297.1,77001,0,0
2021-01-18 12:22:00+05:30,297.1,297.25,296.75,296.75,113203,0,0
2021-01-18 12:23:00+05:30,296.8,296.95,296.75,296.85,48774,0,0
2021-01-18 12:24:00+05:30,296.95,296.95,296.75,296.8,45463,0,0
2021-01-18 12:25:00+05:30,296.85,297.0,296.5,296.6,121500,0,0
2021-01-18 12:26:00+05:30,296.6,296.9,296.55,296.75,48138,0,0
2021-01-18 12:27:00+05:30,296.7,296.8,296.5,296.55,89059,0,0
2021-01-18 12:28:00+05:30,296.55,296.55,296.3,296.4,119091,0,0
2021-01-18 12:29:00+05:30,296.35,296.45,296.05,296.25,142980,0,0
2021-01-18 12:30:00+05:30,296.2,296.55,296.1,296.5,74671,0,0
2021-01-18 12:31:00+05:30,296.45,296.45,296.2,296.25,77845,0,0
2021-01-18 12:32:00+05:30,296.2,296.4,296.2,296.2,55048,0,0
2021-01-18 12:33:00+05:30,296.25,296.25,295.65,295.85,307879,0,0
2021-01-18 12:34:00+05:30,295.85,296.0,295.7,295.95,93414,0,0
2021-01-18 12:35:00+05:30,295.8,295.8,295.3,295.5,249923,0,0
2021-01-18 12:36:00+05:30,295.35,295.45,294.8,295.0,461770,0,0
2021-01-18 12:37:00+05:30,295.15,295.35,294.95,295.05,135443,0,0
2021-01-18 12:38:00+05:30,295.2,295.4,295.05,295.4,78652,0,0
2021-01-18 12:39:00+05:30,295.25,295.4,294.8,294.8,147549,0,0
2021-01-18 12:40:00+05:30,294.85,294.95,294.5,294.7,297720,0,0
2021-01-18 12:41:00+05:30,294.65,295.35,294.55,295.35,264890,0,0
2021-01-18 12:42:00+05:30,295.35,295.55,295.3,295.35,141166,0,0
2021-01-18 12:43:00+05:30,295.35,295.45,294.85,294.95,160000,0,0
2021-01-18 12:44:00+05:30,294.85,295.0,294.8,294.9,135036,0,0
2021-01-18 12:45:00+05:30,294.85,295.4,294.8,295.25,99872,0,0
2021-01-18 12:46:00+05:30,295.3,295.5,295.1,295.5,107487,0,0
2021-01-18 12:47:00+05:30,295.5,295.65,295.3,295.3,72058,0,0
2021-01-18 12:48:00+05:30,295.35,295.5,295.15,295.5,72598,0,0
2021-01-18 12:49:00+05:30,295.5,295.5,295.3,295.4,47249,0,0
2021-01-18 12:50:00+05:30,295.5,295.5,295.3,295.3,49411,0,0
2021-01-18 12:51:00+05:30,295.35,295.45,295.3,295.3,40859,0,0
2021-01-18 12:52:00+05:30,295.3,295.45,295.3,295.35,33509,0,0
2021-01-18 12:53:00+05:30,295.35,295.5,295.3,295.3,54501,0,0
2021-01-18 12:54:00+05:30,295.3,295.45,295.1,295.1,56500,0,0
2021-01-18 12:55:00+05:30,295.15,295.55,295.0,295.55,75445,0,0
2021-01-18 12:56:00+05:30,295.55,295.85,295.45,295.7,63252,0,0
2021-01-18 12:57:00+05:30,295.7,295.95,295.55,295.85,65311,0,0
2021-01-18 12:58:00+05:30,295.95,295.95,295.6,295.75,59048,0,0
2021-01-18 12:59:00+05:30,295.7,295.75,295.5,295.5,50270,0,0
2021-01-18 13:00:00+05:30,295.5,295.6,295.0,295.1,100756,0,0
2021-01-18 13:01:00+05:30,295.05,295.3,295.05,295.1,46067,0,0
2021-01-18 13:02:00+05:30,295.1,295.3,295.05,295.3,39303,0,0
2021-01-18 13:03:00+05:30,295.3,295.5,295.2,295.45,23348,0,0
2021-01-18 13:04:00+05:30,295.35,295.45,295.1,295.15,65624,0,0
2021-01-18 13:05:00+05:30,295.2,295.25,295.05,295.25,32470,0,0
2021-01-18 13:06:00+05:30,295.15,295.45,295.1,295.45,28153,0,0
2021-01-18 13:07:00+05:30,295.45,295.45,295.15,295.25,38447,0,0
2021-01-18 13:08:00+05:30,295.25,295.3,295.05,295.15,42464,0,0
2021-01-18 13:09:00+05:30,295.1,295.2,295.0,295.1,56193,0,0
2021-01-18 13:10:00+05:30,295.25,295.35,295.1,295.1,68032,0,0
2021-01-18 13:11:00+05:30,295.1,295.2,294.5,294.6,252769,0,0
2021-01-18 13:12:00+05:30,294.5,294.65,294.0,294.25,462490,0,0
2021-01-18 13:13:00+05:30,294.3,294.6,294.25,294.35,75550,0,0
2021-01-18 13:14:00+05:30,294.3,294.6,294.3,294.55,67543,0,0
2021-01-18 13:15:00+05:30,294.45,294.6,294.4,294.6,91652,0,0
2021-01-18 13:16:00+05:30,294.6,294.6,294.4,294.5,98728,0,0
2021-01-18 13:17:00+05:30,294.45,294.5,294.3,294.35,51768,0,0
2021-01-18 13:18:00+05:30,294.4,294.45,294.0,294.0,135822,0,0
2021-01-18 13:19:00+05:30,294.1,294.1,293.65,294.0,237420,0,0
2021-01-18 13:20:00+05:30,293.8,294.5,293.8,294.05,180338,0,0
2021-01-18 13:21:00+05:30,294.0,294.05,293.85,293.95,72371,0,0
2021-01-18 13:22:00+05:30,293.95,294.45,293.85,294.3,196369,0,0
2021-01-18 13:23:00+05:30,294.2,294.25,293.8,293.85,99626,0,0
2021-01-18 13:24:00+05:30,293.8,293.95,293.8,293.95,88668,0,0
2021-01-18 13:25:00+05:30,293.8,293.95,293.6,293.75,102766,0,0
2021-01-18 13:26:00+05:30,293.7,293.75,293.5,293.5,114237,0,0
2021-01-18 13:27:00+05:30,293.5,294.65,292.9,294.15,445023,0,0
2021-01-18 13:28:00+05:30,294.3,294.3,294.1,294.15,50188,0,0
2021-01-18 13:29:00+05:30,294.15,294.7,294.15,294.4,146465,0,0
2021-01-18 13:30:00+05:30,294.4,294.4,293.45,293.65,94194,0,0
2021-01-18 13:31:00+05:30,293.8,293.85,293.5,293.7,42864,0,0
2021-01-18 13:32:00+05:30,293.7,294.0,293.7,293.9,69854,0,0
2021-01-18 13:33:00+05:30,293.85,294.4,293.8,294.35,72028,0,0
2021-01-18 13:34:00+05:30,294.35,294.95,294.3,294.9,113074,0,0
2021-01-18 13:35:00+05:30,294.8,295.75,294.8,295.5,249049,0,0
2021-01-18 13:36:00+05:30,295.45,295.8,295.2,295.8,146235,0,0
2021-01-18 13:37:00+05:30,295.8,295.85,295.55,295.65,104070,0,0
2021-01-18 13:38:00+05:30,295.6,295.7,295.5,295.7,88253,0,0
2021-01-18 13:39:00+05:30,295.7,295.8,295.55,295.7,90579,0,0
2021-01-18 13:40:00+05:30,295.7,296.4,295.65,296.35,192244,0,0
2021-01-18 13:41:00+05:30,296.4,296.45,296.1,296.35,179240,0,0
2021-01-18 13:42:00+05:30,296.4,296.45,295.8,295.95,131941,0,0
2021-01-18 13:43:00+05:30,295.95,296.0,295.6,295.7,73974,0,0
2021-01-18 13:44:00+05:30,295.65,295.95,295.65,295.8,73358,0,0
2021-01-18 13:45:00+05:30,295.85,295.85,295.2,295.45,74942,0,0
2021-01-18 13:46:00+05:30,295.4,295.65,295.4,295.55,53140,0,0
2021-01-18 13:47:00+05:30,295.55,295.85,295.5,295.55,52215,0,0
2021-01-18 13:48:00+05:30,295.6,295.9,295.55,295.9,31753,0,0
2021-01-18 13:49:00+05:30,295.9,296.5,295.9,296.3,155322,0,0
2021-01-18 13:50:00+05:30,296.4,296.4,296.2,296.35,61893,0,0
2021-01-18 13:51:00+05:30,296.4,297.2,296.4,297.1,327870,0,0
2021-01-18 13:52:00+05:30,297.1,297.15,296.7,296.75,93375,0,0
2021-01-18 13:53:00+05:30,296.8,296.85,296.65,296.75,64322,0,0
2021-01-18 13:54:00+05:30,296.5,296.7,296.45,296.6,60409,0,0
2021-01-18 13:55:00+05:30,296.6,296.65,295.8,296.3,126616,0,0
2021-01-18 13:56:00+05:30,296.3,296.6,296.3,296.45,46833,0,0
2021-01-18 13:57:00+05:30,296.5,296.55,296.35,296.4,59720,0,0
2021-01-18 13:58:00+05:30,296.45,296.7,296.4,296.7,72785,0,0
2021-01-18 13:59:00+05:30,296.7,296.75,296.6,296.75,52551,0,0
2021-01-18 14:00:00+05:30,296.65,297.0,296.65,296.8,119295,0,0
2021-01-18 14:01:00+05:30,296.8,297.05,296.75,296.9,73986,0,0
2021-01-18 14:02:00+05:30,296.85,297.0,296.7,296.8,54099,0,0
2021-01-18 14:03:00+05:30,296.8,296.8,296.5,296.7,61908,0,0
2021-01-18 14:04:00+05:30,296.8,296.95,296.55,296.85,121103,0,0
2021-01-18 14:05:00+05:30,296.95,296.95,296.5,296.5,71601,0,0
2021-01-18 14:06:00+05:30,296.5,296.75,296.5,296.65,45519,0,0
2021-01-18 14:07:00+05:30,296.6,297.1,296.6,297.0,153059,0,0
2021-01-18 14:08:00+05:30,297.0,297.3,297.0,297.25,111197,0,0
2021-01-18 14:09:00+05:30,297.2,297.6,297.2,297.55,186970,0,0
2021-01-18 14:10:00+05:30,297.7,298.0,297.5,297.95,262520,0,0
2021-01-18 14:11:00+05:30,297.95,297.95,297.5,297.55,114133,0,0
2021-01-18 14:12:00+05:30,297.55,297.95,297.35,297.85,187061,0,0
2021-01-18 14:13:00+05:30,297.85,297.9,297.75,297.85,103627,0,0
2021-01-18 14:14:00+05:30,297.85,297.9,297.6,297.65,92255,0,0
2021-01-18 14:15:00+05:30,297.75,298.0,297.35,297.35,259039,0,0
2021-01-18 14:16:00+05:30,297.5,297.5,297.05,297.3,157036,0,0
2021-01-18 14:17:00+05:30,297.5,297.75,297.2,297.25,118972,0,0
2021-01-18 14:18:00+05:30,297.3,298.2,297.2,298.1,318405,0,0
2021-01-18 14:19:00+05:30,298.15,298.25,298.0,298.05,146163,0,0
2021-01-18 14:20:00+05:30,298.0,298.05,298.0,298.05,151213,0,0
2021-01-18 14:21:00+05:30,298.05,298.4,298.0,298.2,131935,0,0
2021-01-18 14:22:00+05:30,298.25,298.25,297.95,298.05,146280,0,0
2021-01-18 14:23:00+05:30,298.0,298.05,298.0,298.0,113739,0,0
2021-01-18 14:24:00+05:30,298.0,298.05,297.6,297.65,132665,0,0
2021-01-18 14:25:00+05:30,297.75,297.75,297.0,297.0,190995,0,0
2021-01-18 14:26:00+05:30,297.0,297.15,296.5,296.8,160302,0,0
2021-01-18 14:27:00+05:30,296.9,297.0,296.75,296.85,87198,0,0
2021-01-18 14:28:00+05:30,296.95,297.35,296.7,296.7,109273,0,0
2021-01-18 14:29:00+05:30,296.7,296.75,296.4,296.55,111077,0,0
2021-01-18 14:30:00+05:30,296.55,296.95,296.5,296.8,77332,0,0
2021-01-18 14:31:00+05:30,296.8,296.85,296.2,296.35,146486,0,0
2021-01-18 14:32:00+05:30,296.3,296.5,296.0,296.35,195079,0,0
2021-01-18 14:33:00+05:30,296.25,296.55,296.2,296.5,111787,0,0
2021-01-18 14:34:00+05:30,296.45,296.55,296.3,296.45,77208,0,0
2021-01-18 14:35:00+05:30,296.5,296.55,296.15,296.15,122267,0,0
2021-01-18 14:36:00+05:30,296.15,296.5,296.0,296.4,124660,0,0
2021-01-18 14:37:00+05:30,296.45,296.6,296.3,296.3,83021,0,0
2021-01-18 14:38:00+05:30,296.35,296.4,296.1,296.3,85055,0,0
2021-01-18 14:39:00+05:30,296.2,296.55,296.15,296.5,65645,0,0
2021-01-18 14:40:00+05:30,296.5,296.7,295.7,295.85,219088,0,0
2021-01-18 14:41:00+05:30,295.85,296.0,295.75,296.0,292704,0,0
2021-01-18 14:42:00+05:30,295.95,296.7,295.95,296.55,120728,0,0
2021-01-18 14:43:00+05:30,296.55,296.6,296.3,296.3,71535,0,0
2021-01-18 14:44:00+05:30,296.3,296.5,296.2,296.25,63415,0,0
2021-01-18 14:45:00+05:30,296.25,296.4,296.1,296.15,71233,0,0
2021-01-18 14:46:00+05:30,296.2,296.35,295.9,295.95,120770,0,0
2021-01-18 14:47:00+05:30,295.75,295.95,295.45,295.45,185676,0,0
2021-01-18 14:48:00+05:30,295.55,295.75,295.3,295.5,143628,0,0
2021-01-18 14:49:00+05:30,295.45,295.95,295.35,295.95,114252,0,0
2021-01-18 14:50:00+05:30,295.9,295.95,295.0,295.0,159396,0,0
2021-01-18 14:51:00+05:30,295.05,295.35,294.7,294.8,177381,0,0
2021-01-18 14:52:00+05:30,294.85,294.85,294.65,294.8,80410,0,0
2021-01-18 14:53:00+05:30,294.8,294.95,294.6,294.6,71594,0,0
2021-01-18 14:54:00+05:30,294.65,294.7,294.05,294.1,152616,0,0
2021-01-18 14:55:00+05:30,293.85,294.5,293.7,294.25,259846,0,0
2021-01-18 14:56:00+05:30,294.3,294.5,294.2,294.4,87379,0,0
2021-01-18 14:57:00+05:30,294.45,294.75,294.3,294.75,141982,0,0
2021-01-18 14:58:00+05:30,294.65,294.95,294.4,294.55,151801,0,0
2021-01-18 14:59:00+05:30,294.5,294.85,294.5,294.75,86584,0,0
2021-01-18 15:00:00+05:30,294.8,294.85,294.35,294.7,198505,0,0
2021-01-18 15:01:00+05:30,294.7,294.85,294.5,294.75,105896,0,0
2021-01-18 15:02:00+05:30,294.75,294.75,294.45,294.6,122128,0,0
2021-01-18 15:03:00+05:30,294.65,295.2,294.55,295.05,274473,0,0
2021-01-18 15:04:00+05:30,295.1,295.45,294.95,295.35,206837,0,0
2021-01-18 15:05:00+05:30,295.4,295.4,294.7,294.7,132386,0,0
2021-01-18 15:06:00+05:30,294.85,294.9,294.45,294.6,103865,0,0
2021-01-18 15:07:00+05:30,294.6,294.9,294.5,294.85,213146,0,0
2021-01-18 15:08:00+05:30,294.95,295.4,294.9,295.25,250044,0,0
2021-01-18 15:09:00+05:30,295.25,295.3,294.8,294.85,158229,0,0
2021-01-18 15:10:00+05:30,294.95,295.0,294.6,294.75,205855,0,0
2021-01-18 15:11:00+05:30,294.55,294.65,294.05,294.1,252203,0,0
2021-01-18 15:12:00+05:30,294.05,294.55,294.05,294.55,184885,0,0
2021-01-18 15:13:00+05:30,294.5,294.7,294.3,294.5,225765,0,0
2021-01-18 15:14:00+05:30,294.35,294.5,294.2,294.45,244066,0,0
2021-01-18 15:15:00+05:30,294.5,296.0,294.35,296.0,495772,0,0
2021-01-18 15:16:00+05:30,295.95,296.1,295.75,296.0,396545,0,0
2021-01-18 15:17:00+05:30,296.0,296.0,294.95,295.1,549551,0,0
2021-01-18 15:18:00+05:30,295.1,295.25,294.85,294.85,198538,0,0
2021-01-18 15:19:00+05:30,294.9,294.9,294.15,294.2,149206,0,0
2021-01-18 15:20:00+05:30,294.15,294.4,293.1,293.3,586277,0,0
2021-01-18 15:21:00+05:30,293.1,293.45,292.8,292.9,484262,0,0
2021-01-18 15:22:00+05:30,293.0,293.25,292.85,293.25,130377,0,0
2021-01-18 15:23:00+05:30,293.25,293.6,293.2,293.25,162769,0,0
2021-01-18 15:24:00+05:30,293.3,293.3,293.0,293.05,94592,0,0
2021-01-18 15:25:00+05:30,293.05,293.15,292.8,292.9,176380,0,0
2021-01-18 15:26:00+05:30,292.9,292.9,292.6,292.7,86823,0,0
2021-01-18 15:27:00+05:30,292.7,292.85,292.5,292.6,146217,0,0
2021-01-18 15:28:00+05:30,292.55,292.65,292.35,292.65,128873,0,0
2021-01-18 15:29:00+05:30,292.5,292.6,292.2,292.45,117943,0,0